date,district,complaints,hour
2024-01-01,North,33,10
2024-01-01,South,18,7
2024-01-01,East,16,18
2024-01-01,West,20,22
2024-01-01,Central,47,21
2024-01-02,North,36,20
2024-01-02,South,15,20
2024-01-02,East,20,0
2024-01-02,West,19,11
2024-01-02,Central,19,16
2024-01-03,North,10,15
2024-01-03,South,24,14
2024-01-03,East,36,18
2024-01-03,West,16,11
2024-01-03,Central,55,2
2024-01-04,North,33,4
2024-01-04,South,10,6
2024-01-04,East,28,17
2024-01-04,West,13,20
2024-01-04,Central,42,1
2024-01-05,North,25,6
2024-01-05,South,34,11
2024-01-05,East,20,13
2024-01-05,West,17,16
2024-01-05,Central,41,1
2024-01-06,North,20,5
2024-01-06,South,22,17
2024-01-06,East,13,11
2024-01-06,West,23,7
2024-01-06,Central,36,13
2024-01-07,North,21,17
2024-01-07,South,7,14
2024-01-07,East,21,12
2024-01-07,West,26,8
2024-01-07,Central,28,6
2024-01-08,North,25,8
2024-01-08,South,14,23
2024-01-08,East,29,10
2024-01-08,West,23,2
2024-01-08,Central,27,0
2024-01-09,North,35,8
2024-01-09,South,21,6
2024-01-09,East,23,0
2024-01-09,West,27,15
2024-01-09,Central,46,4
2024-01-10,North,21,2
2024-01-10,South,7,2
2024-01-10,East,30,0
2024-01-10,West,20,2
2024-01-10,Central,34,0
2024-01-11,North,22,13
2024-01-11,South,26,6
2024-01-11,East,23,18
2024-01-11,West,10,6
2024-01-11,Central,56,3
2024-01-12,North,21,4
2024-01-12,South,15,10
2024-01-12,East,13,3
2024-01-12,West,19,18
2024-01-12,Central,39,21
2024-01-13,North,32,20
2024-01-13,South,27,5
2024-01-13,East,13,19
2024-01-13,West,16,10
2024-01-13,Central,28,6
2024-01-14,North,27,0
2024-01-14,South,26,19
2024-01-14,East,14,12
2024-01-14,West,0,4
2024-01-14,Central,37,0
2024-01-15,North,27,14
2024-01-15,South,13,21
2024-01-15,East,27,19
2024-01-15,West,6,16
2024-01-15,Central,34,11
2024-01-16,North,29,6
2024-01-16,South,4,16
2024-01-16,East,24,23
2024-01-16,West,18,1
2024-01-16,Central,31,21
2024-01-17,North,29,0
2024-01-17,South,18,18
2024-01-17,East,27,5
2024-01-17,West,33,22
2024-01-17,Central,44,16
2024-01-18,North,36,5
2024-01-18,South,31,5
2024-01-18,East,13,21
2024-01-18,West,10,0
2024-01-18,Central,35,8
2024-01-19,North,22,2
2024-01-19,South,15,19
2024-01-19,East,16,2
2024-01-19,West,12,18
2024-01-19,Central,29,8
2024-01-20,North,27,0
2024-01-20,South,23,7
2024-01-20,East,5,0
2024-01-20,West,27,17
2024-01-20,Central,41,22
2024-01-21,North,44,6
2024-01-21,South,23,15
2024-01-21,East,26,16
2024-01-21,West,28,1
2024-01-21,Central,43,22
2024-01-22,North,31,8
2024-01-22,South,27,15
2024-01-22,East,16,2
2024-01-22,West,15,0
2024-01-22,Central,43,23
2024-01-23,North,35,2
2024-01-23,South,28,15
2024-01-23,East,27,17
2024-01-23,West,12,13
2024-01-23,Central,49,15
2024-01-24,North,33,8
2024-01-24,South,9,23
2024-01-24,East,24,7
2024-01-24,West,21,0
2024-01-24,Central,42,15
2024-01-25,North,28,22
2024-01-25,South,13,21
2024-01-25,East,32,1
2024-01-25,West,16,20
2024-01-25,Central,56,0
2024-01-26,North,30,4
2024-01-26,South,19,3
2024-01-26,East,12,2
2024-01-26,West,17,13
2024-01-26,Central,36,20
2024-01-27,North,32,4
2024-01-27,South,24,23
2024-01-27,East,29,2
2024-01-27,West,2,0
2024-01-27,Central,33,22
2024-01-28,North,26,0
2024-01-28,South,12,9
2024-01-28,East,20,21
2024-01-28,West,23,23
2024-01-28,Central,49,17
2024-01-29,North,30,1
2024-01-29,South,10,16
2024-01-29,East,28,9
2024-01-29,West,32,22
2024-01-29,Central,22,23
2024-01-30,North,25,12
2024-01-30,South,10,7
2024-01-30,East,28,13
2024-01-30,West,19,22
2024-01-30,Central,36,14
2024-01-31,North,23,22
2024-01-31,South,18,21
2024-01-31,East,17,21
2024-01-31,West,14,21
2024-01-31,Central,37,4
2024-02-01,North,14,0
2024-02-01,South,15,11
2024-02-01,East,31,4
2024-02-01,West,27,19
2024-02-01,Central,33,14
2024-02-02,North,23,15
2024-02-02,South,23,12
2024-02-02,East,24,18
2024-02-02,West,14,22
2024-02-02,Central,29,22
2024-02-03,North,25,8
2024-02-03,South,17,0
2024-02-03,East,26,14
2024-02-03,West,20,15
2024-02-03,Central,22,7
2024-02-04,North,31,6
2024-02-04,South,24,4
2024-02-04,East,14,11
2024-02-04,West,32,15
2024-02-04,Central,29,14
2024-02-05,North,27,16
2024-02-05,South,25,3
2024-02-05,East,29,0
2024-02-05,West,34,9
2024-02-05,Central,31,21
2024-02-06,North,26,9
2024-02-06,South,21,18
2024-02-06,East,34,4
2024-02-06,West,18,12
2024-02-06,Central,33,19
2024-02-07,North,30,23
2024-02-07,South,25,0
2024-02-07,East,39,0
2024-02-07,West,21,11
2024-02-07,Central,38,2
2024-02-08,North,34,10
2024-02-08,South,28,11
2024-02-08,East,17,13
2024-02-08,West,12,1
2024-02-08,Central,35,22
2024-02-09,North,26,16
2024-02-09,South,10,9
2024-02-09,East,37,1
2024-02-09,West,17,20
2024-02-09,Central,21,17
2024-02-10,North,37,3
2024-02-10,South,22,20
2024-02-10,East,25,4
2024-02-10,West,21,8
2024-02-10,Central,49,2
2024-02-11,North,43,15
2024-02-11,South,17,23
2024-02-11,East,20,22
2024-02-11,West,30,2
2024-02-11,Central,31,8
2024-02-12,North,35,19
2024-02-12,South,1,15
2024-02-12,East,12,18
2024-02-12,West,11,16
2024-02-12,Central,31,13
2024-02-13,North,37,19
2024-02-13,South,35,20
2024-02-13,East,33,4
2024-02-13,West,9,20
2024-02-13,Central,25,3
2024-02-14,North,44,14
2024-02-14,South,23,11
2024-02-14,East,32,16
2024-02-14,West,21,5
2024-02-14,Central,36,9
2024-02-15,North,25,8
2024-02-15,South,24,4
2024-02-15,East,31,4
2024-02-15,West,21,12
2024-02-15,Central,23,0
2024-02-16,North,27,6
2024-02-16,South,23,12
2024-02-16,East,19,18
2024-02-16,West,28,11
2024-02-16,Central,18,18
2024-02-17,North,42,6
2024-02-17,South,7,17
2024-02-17,East,21,19
2024-02-17,West,28,12
2024-02-17,Central,41,16
2024-02-18,North,30,20
2024-02-18,South,13,5
2024-02-18,East,9,15
2024-02-18,West,22,21
2024-02-18,Central,41,17
2024-02-19,North,21,14
2024-02-19,South,31,0
2024-02-19,East,32,20
2024-02-19,West,10,22
2024-02-19,Central,47,10
2024-02-20,North,29,20
2024-02-20,South,27,7
2024-02-20,East,28,7
2024-02-20,West,9,17
2024-02-20,Central,28,3
2024-02-21,North,19,21
2024-02-21,South,33,15
2024-02-21,East,13,12
2024-02-21,West,7,23
2024-02-21,Central,49,17
2024-02-22,North,20,23
2024-02-22,South,21,0
2024-02-22,East,24,14
2024-02-22,West,30,16
2024-02-22,Central,45,21
2024-02-23,North,24,16
2024-02-23,South,19,2
2024-02-23,East,34,0
2024-02-23,West,20,4
2024-02-23,Central,50,5
2024-02-24,North,31,20
2024-02-24,South,26,4
2024-02-24,East,19,20
2024-02-24,West,28,13
2024-02-24,Central,29,12
2024-02-25,North,23,12
2024-02-25,South,22,7
2024-02-25,East,22,1
2024-02-25,West,11,1
2024-02-25,Central,32,21
2024-02-26,North,30,11
2024-02-26,South,32,0
2024-02-26,East,41,16
2024-02-26,West,32,15
2024-02-26,Central,14,4
2024-02-27,North,24,20
2024-02-27,South,29,6
2024-02-27,East,29,5
2024-02-27,West,19,17
2024-02-27,Central,35,1
2024-02-28,North,36,18
2024-02-28,South,36,1
2024-02-28,East,26,23
2024-02-28,West,0,14
2024-02-28,Central,48,18
2024-02-29,North,18,16
2024-02-29,South,19,19
2024-02-29,East,31,23
2024-02-29,West,19,1
2024-02-29,Central,31,12
2024-03-01,North,33,10
2024-03-01,South,9,18
2024-03-01,East,7,15
2024-03-01,West,34,10
2024-03-01,Central,37,7
2024-03-02,North,22,3
2024-03-02,South,25,2
2024-03-02,East,22,17
2024-03-02,West,7,20
2024-03-02,Central,39,4
2024-03-03,North,19,21
2024-03-03,South,9,20
2024-03-03,East,38,11
2024-03-03,West,37,13
2024-03-03,Central,35,12
2024-03-04,North,11,8
2024-03-04,South,19,21
2024-03-04,East,17,14
2024-03-04,West,8,15
2024-03-04,Central,35,16
2024-03-05,North,36,16
2024-03-05,South,15,2
2024-03-05,East,20,23
2024-03-05,West,13,21
2024-03-05,Central,41,13
2024-03-06,North,23,23
2024-03-06,South,17,23
2024-03-06,East,26,18
2024-03-06,West,22,13
2024-03-06,Central,37,10
2024-03-07,North,22,5
2024-03-07,South,20,2
2024-03-07,East,18,22
2024-03-07,West,16,4
2024-03-07,Central,37,16
2024-03-08,North,19,6
2024-03-08,South,20,16
2024-03-08,East,17,12
2024-03-08,West,31,2
2024-03-08,Central,42,8
2024-03-09,North,23,14
2024-03-09,South,19,21
2024-03-09,East,37,16
2024-03-09,West,22,11
2024-03-09,Central,31,5
2024-03-10,North,24,19
2024-03-10,South,27,23
2024-03-10,East,40,12
2024-03-10,West,21,20
2024-03-10,Central,33,21
2024-03-11,North,25,15
2024-03-11,South,9,3
2024-03-11,East,31,14
2024-03-11,West,19,5
2024-03-11,Central,34,5
2024-03-12,North,33,18
2024-03-12,South,24,10
2024-03-12,East,31,7
2024-03-12,West,27,4
2024-03-12,Central,34,5
2024-03-13,North,35,11
2024-03-13,South,13,14
2024-03-13,East,32,5
2024-03-13,West,24,4
2024-03-13,Central,41,12
2024-03-14,North,30,10
2024-03-14,South,6,23
2024-03-14,East,34,9
2024-03-14,West,33,1
2024-03-14,Central,50,12
2024-03-15,North,25,4
2024-03-15,South,22,8
2024-03-15,East,29,23
2024-03-15,West,29,5
2024-03-15,Central,20,16
2024-03-16,North,21,4
2024-03-16,South,22,8
2024-03-16,East,20,1
2024-03-16,West,21,7
2024-03-16,Central,47,10
2024-03-17,North,25,2
2024-03-17,South,24,20
2024-03-17,East,20,13
2024-03-17,West,12,3
2024-03-17,Central,41,17
2024-03-18,North,16,7
2024-03-18,South,34,18
2024-03-18,East,21,5
2024-03-18,West,0,0
2024-03-18,Central,47,16
2024-03-19,North,28,13
2024-03-19,South,26,20
2024-03-19,East,26,18
2024-03-19,West,24,5
2024-03-19,Central,36,7
2024-03-20,North,34,9
2024-03-20,South,22,0
2024-03-20,East,21,19
2024-03-20,West,21,5
2024-03-20,Central,47,0
2024-03-21,North,37,0
2024-03-21,South,25,3
2024-03-21,East,37,9
2024-03-21,West,21,0
2024-03-21,Central,35,14
2024-03-22,North,22,3
2024-03-22,South,38,14
2024-03-22,East,17,7
2024-03-22,West,14,11
2024-03-22,Central,30,12
2024-03-23,North,36,18
2024-03-23,South,30,3
2024-03-23,East,11,4
2024-03-23,West,20,19
2024-03-23,Central,20,14
2024-03-24,North,41,13
2024-03-24,South,26,7
2024-03-24,East,26,17
2024-03-24,West,16,10
2024-03-24,Central,35,11
2024-03-25,North,39,8
2024-03-25,South,25,21
2024-03-25,East,22,13
2024-03-25,West,14,3
2024-03-25,Central,35,7
2024-03-26,North,38,14
2024-03-26,South,15,8
2024-03-26,East,23,9
2024-03-26,West,9,10
2024-03-26,Central,21,5
2024-03-27,North,19,1
2024-03-27,South,9,16
2024-03-27,East,21,18
2024-03-27,West,18,21
2024-03-27,Central,34,5
2024-03-28,North,19,20
2024-03-28,South,18,10
2024-03-28,East,30,21
2024-03-28,West,12,16
2024-03-28,Central,29,6
2024-03-29,North,29,19
2024-03-29,South,23,21
2024-03-29,East,25,7
2024-03-29,West,27,16
2024-03-29,Central,26,22
2024-03-30,North,21,18
2024-03-30,South,21,16
2024-03-30,East,23,12
2024-03-30,West,26,18
2024-03-30,Central,31,17
2024-03-31,North,38,17
2024-03-31,South,11,1
2024-03-31,East,12,5
2024-03-31,West,40,18
2024-03-31,Central,32,22
2024-04-01,North,27,6
2024-04-01,South,13,18
2024-04-01,East,32,13
2024-04-01,West,29,22
2024-04-01,Central,36,17
2024-04-02,North,27,22
2024-04-02,South,28,2
2024-04-02,East,30,7
2024-04-02,West,8,21
2024-04-02,Central,41,18
2024-04-03,North,14,0
2024-04-03,South,33,2
2024-04-03,East,28,23
2024-04-03,West,23,10
2024-04-03,Central,38,15
2024-04-04,North,43,20
2024-04-04,South,11,13
2024-04-04,East,29,6
2024-04-04,West,15,9
2024-04-04,Central,21,1
2024-04-05,North,44,0
2024-04-05,South,15,9
2024-04-05,East,33,1
2024-04-05,West,15,19
2024-04-05,Central,34,4
2024-04-06,North,39,8
2024-04-06,South,14,1
2024-04-06,East,22,21
2024-04-06,West,21,11
2024-04-06,Central,42,16
2024-04-07,North,29,17
2024-04-07,South,37,6
2024-04-07,East,30,8
2024-04-07,West,19,3
2024-04-07,Central,33,12
2024-04-08,North,38,5
2024-04-08,South,29,17
2024-04-08,East,35,8
2024-04-08,West,19,5
2024-04-08,Central,33,5
2024-04-09,North,24,11
2024-04-09,South,22,11
2024-04-09,East,32,12
2024-04-09,West,9,12
2024-04-09,Central,39,16
2024-04-10,North,15,13
2024-04-10,South,9,1
2024-04-10,East,29,18
2024-04-10,West,12,20
2024-04-10,Central,23,20
2024-04-11,North,34,10
2024-04-11,South,12,16
2024-04-11,East,14,6
2024-04-11,West,22,22
2024-04-11,Central,36,14
2024-04-12,North,15,14
2024-04-12,South,19,19
2024-04-12,East,27,16
2024-04-12,West,15,12
2024-04-12,Central,37,1
2024-04-13,North,21,20
2024-04-13,South,9,0
2024-04-13,East,14,10
2024-04-13,West,10,2
2024-04-13,Central,53,2
2024-04-14,North,27,16
2024-04-14,South,14,16
2024-04-14,East,24,14
2024-04-14,West,22,11
2024-04-14,Central,43,7
2024-04-15,North,30,20
2024-04-15,South,26,15
2024-04-15,East,32,5
2024-04-15,West,28,8
2024-04-15,Central,43,12
2024-04-16,North,27,15
2024-04-16,South,20,6
2024-04-16,East,9,14
2024-04-16,West,15,20
2024-04-16,Central,28,7
2024-04-17,North,34,17
2024-04-17,South,30,19
2024-04-17,East,22,6
2024-04-17,West,28,6
2024-04-17,Central,13,16
2024-04-18,North,19,11
2024-04-18,South,31,12
2024-04-18,East,26,7
2024-04-18,West,14,22
2024-04-18,Central,46,23
2024-04-19,North,14,16
2024-04-19,South,36,12
2024-04-19,East,28,17
2024-04-19,West,0,11
2024-04-19,Central,40,1
2024-04-20,North,35,2
2024-04-20,South,20,6
2024-04-20,East,45,11
2024-04-20,West,12,14
2024-04-20,Central,28,6
2024-04-21,North,28,19
2024-04-21,South,13,2
2024-04-21,East,31,12
2024-04-21,West,7,3
2024-04-21,Central,27,17
2024-04-22,North,14,23
2024-04-22,South,10,3
2024-04-22,East,32,13
2024-04-22,West,16,23
2024-04-22,Central,53,6
2024-04-23,North,24,19
2024-04-23,South,18,21
2024-04-23,East,19,20
2024-04-23,West,16,8
2024-04-23,Central,30,16
2024-04-24,North,34,22
2024-04-24,South,29,16
2024-04-24,East,45,16
2024-04-24,West,21,9
2024-04-24,Central,20,16
2024-04-25,North,55,23
2024-04-25,South,19,12
2024-04-25,East,32,23
2024-04-25,West,0,8
2024-04-25,Central,27,2
2024-04-26,North,34,4
2024-04-26,South,28,10
2024-04-26,East,23,14
2024-04-26,West,11,5
2024-04-26,Central,42,17
2024-04-27,North,22,5
2024-04-27,South,27,2
2024-04-27,East,25,23
2024-04-27,West,22,12
2024-04-27,Central,51,12
2024-04-28,North,31,15
2024-04-28,South,33,7
2024-04-28,East,19,15
2024-04-28,West,14,8
2024-04-28,Central,25,20
2024-04-29,North,24,9
2024-04-29,South,22,6
2024-04-29,East,19,4
2024-04-29,West,15,6
2024-04-29,Central,28,17
2024-04-30,North,33,11
2024-04-30,South,23,6
2024-04-30,East,30,7
2024-04-30,West,2,1
2024-04-30,Central,40,2
2024-05-01,North,67,15
2024-05-01,South,42,9
2024-05-01,East,41,8
2024-05-01,West,37,14
2024-05-01,Central,57,4
2024-05-02,North,46,16
2024-05-02,South,41,11
2024-05-02,East,46,0
2024-05-02,West,32,21
2024-05-02,Central,51,17
2024-05-03,North,51,13
2024-05-03,South,35,11
2024-05-03,East,48,6
2024-05-03,West,47,10
2024-05-03,Central,51,22
2024-05-04,North,36,3
2024-05-04,South,36,16
2024-05-04,East,55,10
2024-05-04,West,38,19
2024-05-04,Central,58,19
2024-05-05,North,54,21
2024-05-05,South,43,4
2024-05-05,East,46,19
2024-05-05,West,25,2
2024-05-05,Central,49,0
2024-05-06,North,59,1
2024-05-06,South,32,2
2024-05-06,East,45,11
2024-05-06,West,36,17
2024-05-06,Central,54,7
2024-05-07,North,58,13
2024-05-07,South,38,17
2024-05-07,East,35,19
2024-05-07,West,42,2
2024-05-07,Central,52,19
2024-05-08,North,49,13
2024-05-08,South,51,6
2024-05-08,East,47,3
2024-05-08,West,31,8
2024-05-08,Central,54,21
2024-05-09,North,38,21
2024-05-09,South,47,7
2024-05-09,East,31,10
2024-05-09,West,53,17
2024-05-09,Central,51,13
2024-05-10,North,59,5
2024-05-10,South,45,8
2024-05-10,East,44,23
2024-05-10,West,33,8
2024-05-10,Central,54,21
2024-05-11,North,40,19
2024-05-11,South,49,17
2024-05-11,East,39,0
2024-05-11,West,30,12
2024-05-11,Central,55,0
2024-05-12,North,46,6
2024-05-12,South,48,1
2024-05-12,East,52,9
2024-05-12,West,42,22
2024-05-12,Central,57,2
2024-05-13,North,51,5
2024-05-13,South,53,8
2024-05-13,East,56,17
2024-05-13,West,48,14
2024-05-13,Central,59,6
2024-05-14,North,55,5
2024-05-14,South,55,21
2024-05-14,East,61,8
2024-05-14,West,32,9
2024-05-14,Central,68,11
2024-05-15,North,46,22
2024-05-15,South,37,18
2024-05-15,East,62,18
2024-05-15,West,42,22
2024-05-15,Central,50,18
2024-05-16,North,39,23
2024-05-16,South,49,8
2024-05-16,East,38,18
2024-05-16,West,37,2
2024-05-16,Central,51,14
2024-05-17,North,38,0
2024-05-17,South,37,20
2024-05-17,East,47,23
2024-05-17,West,23,11
2024-05-17,Central,47,19
2024-05-18,North,74,18
2024-05-18,South,42,8
2024-05-18,East,58,3
2024-05-18,West,34,1
2024-05-18,Central,65,6
2024-05-19,North,53,9
2024-05-19,South,29,17
2024-05-19,East,32,7
2024-05-19,West,34,7
2024-05-19,Central,59,3
2024-05-20,North,52,12
2024-05-20,South,37,8
2024-05-20,East,49,14
2024-05-20,West,35,13
2024-05-20,Central,37,1
2024-05-21,North,51,6
2024-05-21,South,37,1
2024-05-21,East,36,2
2024-05-21,West,27,7
2024-05-21,Central,64,11
2024-05-22,North,37,2
2024-05-22,South,37,21
2024-05-22,East,45,9
2024-05-22,West,27,11
2024-05-22,Central,52,19
2024-05-23,North,59,7
2024-05-23,South,52,21
2024-05-23,East,51,19
2024-05-23,West,49,14
2024-05-23,Central,42,4
2024-05-24,North,61,23
2024-05-24,South,41,11
2024-05-24,East,53,5
2024-05-24,West,36,11
2024-05-24,Central,50,13
2024-05-25,North,50,1
2024-05-25,South,37,0
2024-05-25,East,41,22
2024-05-25,West,33,4
2024-05-25,Central,50,0
2024-05-26,North,45,9
2024-05-26,South,40,19
2024-05-26,East,52,23
2024-05-26,West,40,14
2024-05-26,Central,38,5
2024-05-27,North,52,19
2024-05-27,South,34,20
2024-05-27,East,49,0
2024-05-27,West,32,5
2024-05-27,Central,58,4
2024-05-28,North,49,17
2024-05-28,South,39,16
2024-05-28,East,46,16
2024-05-28,West,39,11
2024-05-28,Central,56,3
2024-05-29,North,47,0
2024-05-29,South,44,13
2024-05-29,East,46,20
2024-05-29,West,44,1
2024-05-29,Central,69,17
2024-05-30,North,37,0
2024-05-30,South,47,8
2024-05-30,East,42,10
2024-05-30,West,33,3
2024-05-30,Central,64,3
2024-05-31,North,55,5
2024-05-31,South,47,12
2024-05-31,East,43,8
2024-05-31,West,44,0
2024-05-31,Central,51,23
2024-06-01,North,57,20
2024-06-01,South,29,14
2024-06-01,East,55,14
2024-06-01,West,50,20
2024-06-01,Central,61,0
2024-06-02,North,32,16
2024-06-02,South,22,5
2024-06-02,East,59,10
2024-06-02,West,51,9
2024-06-02,Central,63,1
2024-06-03,North,32,7
2024-06-03,South,34,15
2024-06-03,East,45,14
2024-06-03,West,28,11
2024-06-03,Central,35,22
2024-06-04,North,45,5
2024-06-04,South,46,10
2024-06-04,East,52,12
2024-06-04,West,35,15
2024-06-04,Central,65,14
2024-06-05,North,40,3
2024-06-05,South,52,20
2024-06-05,East,33,13
2024-06-05,West,37,3
2024-06-05,Central,48,14
2024-06-06,North,42,2
2024-06-06,South,33,17
2024-06-06,East,46,1
2024-06-06,West,33,10
2024-06-06,Central,42,6
2024-06-07,North,42,12
2024-06-07,South,44,6
2024-06-07,East,52,9
2024-06-07,West,32,23
2024-06-07,Central,54,6
2024-06-08,North,54,21
2024-06-08,South,35,9
2024-06-08,East,45,14
2024-06-08,West,38,21
2024-06-08,Central,59,20
2024-06-09,North,47,8
2024-06-09,South,43,14
2024-06-09,East,33,9
2024-06-09,West,51,7
2024-06-09,Central,57,4
2024-06-10,North,62,3
2024-06-10,South,46,6
2024-06-10,East,40,9
2024-06-10,West,42,9
2024-06-10,Central,60,0
2024-06-11,North,40,16
2024-06-11,South,37,2
2024-06-11,East,44,20
2024-06-11,West,46,16
2024-06-11,Central,50,2
2024-06-12,North,42,6
2024-06-12,South,27,13
2024-06-12,East,47,12
2024-06-12,West,37,1
2024-06-12,Central,75,2
2024-06-13,North,63,9
2024-06-13,South,47,21
2024-06-13,East,58,10
2024-06-13,West,34,6
2024-06-13,Central,63,3
2024-06-14,North,45,5
2024-06-14,South,27,13
2024-06-14,East,49,3
2024-06-14,West,33,5
2024-06-14,Central,46,8
2024-06-15,North,41,1
2024-06-15,South,56,4
2024-06-15,East,46,7
2024-06-15,West,33,5
2024-06-15,Central,68,11
2024-06-16,North,56,2
2024-06-16,South,28,2
2024-06-16,East,34,1
2024-06-16,West,22,21
2024-06-16,Central,49,11
2024-06-17,North,60,22
2024-06-17,South,45,15
2024-06-17,East,32,22
2024-06-17,West,23,15
2024-06-17,Central,54,12
2024-06-18,North,53,22
2024-06-18,South,31,4
2024-06-18,East,42,19
2024-06-18,West,38,20
2024-06-18,Central,61,19
2024-06-19,North,44,6
2024-06-19,South,41,0
2024-06-19,East,46,19
2024-06-19,West,57,1
2024-06-19,Central,49,8
2024-06-20,North,40,20
2024-06-20,South,30,0
2024-06-20,East,39,10
2024-06-20,West,33,3
2024-06-20,Central,61,17
2024-06-21,North,56,10
2024-06-21,South,40,14
2024-06-21,East,45,2
2024-06-21,West,37,23
2024-06-21,Central,69,2
2024-06-22,North,52,15
2024-06-22,South,44,14
2024-06-22,East,40,20
2024-06-22,West,43,1
2024-06-22,Central,55,21
2024-06-23,North,57,0
2024-06-23,South,27,13
2024-06-23,East,47,5
2024-06-23,West,37,12
2024-06-23,Central,50,1
2024-06-24,North,48,3
2024-06-24,South,44,12
2024-06-24,East,45,13
2024-06-24,West,35,5
2024-06-24,Central,60,10
2024-06-25,North,62,18
2024-06-25,South,49,18
2024-06-25,East,34,1
2024-06-25,West,40,10
2024-06-25,Central,60,14
2024-06-26,North,60,8
2024-06-26,South,30,20
2024-06-26,East,42,8
2024-06-26,West,32,6
2024-06-26,Central,61,15
2024-06-27,North,57,3
2024-06-27,South,52,6
2024-06-27,East,39,19
2024-06-27,West,32,19
2024-06-27,Central,62,17
2024-06-28,North,53,4
2024-06-28,South,38,2
2024-06-28,East,52,6
2024-06-28,West,22,6
2024-06-28,Central,76,4
2024-06-29,North,53,22
2024-06-29,South,39,1
2024-06-29,East,43,5
2024-06-29,West,29,14
2024-06-29,Central,68,23
2024-06-30,North,56,6
2024-06-30,South,27,17
2024-06-30,East,53,12
2024-06-30,West,37,2
2024-06-30,Central,59,16
2024-07-01,North,34,19
2024-07-01,South,56,22
2024-07-01,East,41,17
2024-07-01,West,42,7
2024-07-01,Central,58,5
2024-07-02,North,59,9
2024-07-02,South,42,8
2024-07-02,East,46,16
2024-07-02,West,41,1
2024-07-02,Central,56,15
2024-07-03,North,55,7
2024-07-03,South,36,20
2024-07-03,East,44,7
2024-07-03,West,48,21
2024-07-03,Central,65,22
2024-07-04,North,62,23
2024-07-04,South,39,7
2024-07-04,East,47,12
2024-07-04,West,46,2
2024-07-04,Central,59,23
2024-07-05,North,50,7
2024-07-05,South,35,13
2024-07-05,East,36,4
2024-07-05,West,23,21
2024-07-05,Central,48,5
2024-07-06,North,57,14
2024-07-06,South,47,8
2024-07-06,East,38,1
2024-07-06,West,31,8
2024-07-06,Central,47,8
2024-07-07,North,49,17
2024-07-07,South,44,9
2024-07-07,East,39,7
2024-07-07,West,45,1
2024-07-07,Central,66,15
2024-07-08,North,64,1
2024-07-08,South,37,7
2024-07-08,East,38,17
2024-07-08,West,33,13
2024-07-08,Central,44,17
2024-07-09,North,48,13
2024-07-09,South,37,16
2024-07-09,East,34,22
2024-07-09,West,45,6
2024-07-09,Central,61,20
2024-07-10,North,43,7
2024-07-10,South,42,22
2024-07-10,East,57,11
2024-07-10,West,36,21
2024-07-10,Central,52,10
2024-07-11,North,52,12
2024-07-11,South,26,17
2024-07-11,East,47,19
2024-07-11,West,32,17
2024-07-11,Central,55,23
2024-07-12,North,38,11
2024-07-12,South,42,0
2024-07-12,East,58,23
2024-07-12,West,31,22
2024-07-12,Central,56,6
2024-07-13,North,58,4
2024-07-13,South,41,14
2024-07-13,East,46,7
2024-07-13,West,28,0
2024-07-13,Central,59,3
2024-07-14,North,52,7
2024-07-14,South,41,1
2024-07-14,East,43,10
2024-07-14,West,46,13
2024-07-14,Central,48,6
2024-07-15,North,62,15
2024-07-15,South,47,12
2024-07-15,East,58,9
2024-07-15,West,59,21
2024-07-15,Central,61,19
2024-07-16,North,56,10
2024-07-16,South,45,5
2024-07-16,East,48,23
2024-07-16,West,29,14
2024-07-16,Central,55,3
2024-07-17,North,54,2
2024-07-17,South,42,4
2024-07-17,East,41,12
2024-07-17,West,34,19
2024-07-17,Central,62,13
2024-07-18,North,47,2
2024-07-18,South,41,22
2024-07-18,East,39,19
2024-07-18,West,54,1
2024-07-18,Central,64,17
2024-07-19,North,47,18
2024-07-19,South,40,16
2024-07-19,East,37,23
2024-07-19,West,41,12
2024-07-19,Central,59,18
2024-07-20,North,46,15
2024-07-20,South,32,16
2024-07-20,East,42,22
2024-07-20,West,32,16
2024-07-20,Central,44,14
2024-07-21,North,41,3
2024-07-21,South,54,19
2024-07-21,East,42,5
2024-07-21,West,40,14
2024-07-21,Central,52,8
2024-07-22,North,58,15
2024-07-22,South,42,9
2024-07-22,East,33,17
2024-07-22,West,42,21
2024-07-22,Central,48,12
2024-07-23,North,53,18
2024-07-23,South,41,20
2024-07-23,East,40,4
2024-07-23,West,27,19
2024-07-23,Central,53,4
2024-07-24,North,61,3
2024-07-24,South,39,0
2024-07-24,East,59,23
2024-07-24,West,45,21
2024-07-24,Central,61,13
2024-07-25,North,42,19
2024-07-25,South,42,23
2024-07-25,East,42,23
2024-07-25,West,37,11
2024-07-25,Central,47,13
2024-07-26,North,42,23
2024-07-26,South,39,9
2024-07-26,East,46,12
2024-07-26,West,32,3
2024-07-26,Central,51,23
2024-07-27,North,51,10
2024-07-27,South,36,20
2024-07-27,East,25,6
2024-07-27,West,45,5
2024-07-27,Central,56,14
2024-07-28,North,50,15
2024-07-28,South,27,4
2024-07-28,East,40,20
2024-07-28,West,44,4
2024-07-28,Central,44,23
2024-07-29,North,39,20
2024-07-29,South,31,11
2024-07-29,East,38,17
2024-07-29,West,35,20
2024-07-29,Central,49,6
2024-07-30,North,43,21
2024-07-30,South,48,1
2024-07-30,East,66,10
2024-07-30,West,39,16
2024-07-30,Central,52,1
2024-07-31,North,49,0
2024-07-31,South,33,9
2024-07-31,East,48,1
2024-07-31,West,45,15
2024-07-31,Central,69,21
2024-08-01,North,41,11
2024-08-01,South,40,9
2024-08-01,East,39,2
2024-08-01,West,32,19
2024-08-01,Central,48,3
2024-08-02,North,50,23
2024-08-02,South,52,7
2024-08-02,East,42,8
2024-08-02,West,42,7
2024-08-02,Central,62,0
2024-08-03,North,49,9
2024-08-03,South,32,19
2024-08-03,East,44,22
2024-08-03,West,34,18
2024-08-03,Central,64,4
2024-08-04,North,35,8
2024-08-04,South,41,3
2024-08-04,East,37,8
2024-08-04,West,29,14
2024-08-04,Central,32,5
2024-08-05,North,58,11
2024-08-05,South,43,12
2024-08-05,East,36,2
2024-08-05,West,58,22
2024-08-05,Central,56,7
2024-08-06,North,52,10
2024-08-06,South,46,4
2024-08-06,East,61,21
2024-08-06,West,29,18
2024-08-06,Central,56,13
2024-08-07,North,51,22
2024-08-07,South,39,22
2024-08-07,East,48,20
2024-08-07,West,47,3
2024-08-07,Central,66,5
2024-08-08,North,53,2
2024-08-08,South,33,0
2024-08-08,East,40,2
2024-08-08,West,27,8
2024-08-08,Central,56,18
2024-08-09,North,60,11
2024-08-09,South,29,23
2024-08-09,East,53,1
2024-08-09,West,39,15
2024-08-09,Central,55,20
2024-08-10,North,45,1
2024-08-10,South,53,8
2024-08-10,East,38,10
2024-08-10,West,42,22
2024-08-10,Central,42,4
2024-08-11,North,59,11
2024-08-11,South,43,2
2024-08-11,East,44,0
2024-08-11,West,40,1
2024-08-11,Central,48,2
2024-08-12,North,46,6
2024-08-12,South,41,5
2024-08-12,East,41,7
2024-08-12,West,42,22
2024-08-12,Central,61,3
2024-08-13,North,39,14
2024-08-13,South,31,2
2024-08-13,East,39,20
2024-08-13,West,49,3
2024-08-13,Central,50,11
2024-08-14,North,55,12
2024-08-14,South,35,14
2024-08-14,East,48,22
2024-08-14,West,36,1
2024-08-14,Central,41,3
2024-08-15,North,31,20
2024-08-15,South,22,13
2024-08-15,East,51,19
2024-08-15,West,37,13
2024-08-15,Central,52,5
2024-08-16,North,55,18
2024-08-16,South,36,13
2024-08-16,East,46,8
2024-08-16,West,40,19
2024-08-16,Central,55,8
2024-08-17,North,51,22
2024-08-17,South,57,19
2024-08-17,East,49,13
2024-08-17,West,34,3
2024-08-17,Central,52,7
2024-08-18,North,36,13
2024-08-18,South,44,10
2024-08-18,East,50,3
2024-08-18,West,50,7
2024-08-18,Central,52,21
2024-08-19,North,56,8
2024-08-19,South,49,15
2024-08-19,East,45,11
2024-08-19,West,38,4
2024-08-19,Central,64,15
2024-08-20,North,52,0
2024-08-20,South,49,20
2024-08-20,East,52,23
2024-08-20,West,42,0
2024-08-20,Central,46,18
2024-08-21,North,49,19
2024-08-21,South,56,18
2024-08-21,East,36,5
2024-08-21,West,51,3
2024-08-21,Central,60,22
2024-08-22,North,42,21
2024-08-22,South,40,11
2024-08-22,East,62,1
2024-08-22,West,36,23
2024-08-22,Central,66,0
2024-08-23,North,54,7
2024-08-23,South,35,17
2024-08-23,East,46,16
2024-08-23,West,38,7
2024-08-23,Central,51,18
2024-08-24,North,48,7
2024-08-24,South,23,13
2024-08-24,East,32,23
2024-08-24,West,44,16
2024-08-24,Central,53,13
2024-08-25,North,50,16
2024-08-25,South,37,20
2024-08-25,East,38,20
2024-08-25,West,41,10
2024-08-25,Central,76,21
2024-08-26,North,48,4
2024-08-26,South,45,16
2024-08-26,East,37,18
2024-08-26,West,40,6
2024-08-26,Central,51,10
2024-08-27,North,50,13
2024-08-27,South,34,11
2024-08-27,East,32,18
2024-08-27,West,44,20
2024-08-27,Central,53,12
2024-08-28,North,37,12
2024-08-28,South,47,6
2024-08-28,East,51,16
2024-08-28,West,42,14
2024-08-28,Central,51,3
2024-08-29,North,54,0
2024-08-29,South,22,18
2024-08-29,East,39,14
2024-08-29,West,50,0
2024-08-29,Central,51,11
2024-08-30,North,48,6
2024-08-30,South,34,1
2024-08-30,East,54,1
2024-08-30,West,47,18
2024-08-30,Central,54,17
2024-08-31,North,50,18
2024-08-31,South,41,2
2024-08-31,East,51,19
2024-08-31,West,48,5
2024-08-31,Central,61,2
2024-09-01,North,20,16
2024-09-01,South,20,8
2024-09-01,East,11,0
2024-09-01,West,12,22
2024-09-01,Central,30,20
2024-09-02,North,30,16
2024-09-02,South,18,23
2024-09-02,East,13,5
2024-09-02,West,21,17
2024-09-02,Central,41,3
2024-09-03,North,20,20
2024-09-03,South,27,5
2024-09-03,East,22,1
2024-09-03,West,29,2
2024-09-03,Central,52,8
2024-09-04,North,18,22
2024-09-04,South,26,21
2024-09-04,East,11,3
2024-09-04,West,22,1
2024-09-04,Central,15,23
2024-09-05,North,33,4
2024-09-05,South,11,23
2024-09-05,East,26,17
2024-09-05,West,1,2
2024-09-05,Central,30,10
2024-09-06,North,28,16
2024-09-06,South,29,23
2024-09-06,East,25,11
2024-09-06,West,10,16
2024-09-06,Central,36,12
2024-09-07,North,30,12
2024-09-07,South,23,3
2024-09-07,East,24,10
2024-09-07,West,16,9
2024-09-07,Central,22,14
2024-09-08,North,22,20
2024-09-08,South,24,4
2024-09-08,East,22,9
2024-09-08,West,14,5
2024-09-08,Central,16,3
2024-09-09,North,30,12
2024-09-09,South,21,14
2024-09-09,East,24,12
2024-09-09,West,21,1
2024-09-09,Central,30,22
2024-09-10,North,24,18
2024-09-10,South,28,12
2024-09-10,East,21,18
2024-09-10,West,18,11
2024-09-10,Central,24,20
2024-09-11,North,30,18
2024-09-11,South,23,0
2024-09-11,East,16,2
2024-09-11,West,19,12
2024-09-11,Central,33,18
2024-09-12,North,48,16
2024-09-12,South,12,21
2024-09-12,East,33,23
2024-09-12,West,8,20
2024-09-12,Central,38,7
2024-09-13,North,29,3
2024-09-13,South,15,21
2024-09-13,East,27,12
2024-09-13,West,21,14
2024-09-13,Central,32,16
2024-09-14,North,32,23
2024-09-14,South,24,11
2024-09-14,East,22,5
2024-09-14,West,17,15
2024-09-14,Central,25,11
2024-09-15,North,39,22
2024-09-15,South,19,3
2024-09-15,East,17,23
2024-09-15,West,12,22
2024-09-15,Central,36,18
2024-09-16,North,10,17
2024-09-16,South,24,17
2024-09-16,East,27,18
2024-09-16,West,30,6
2024-09-16,Central,48,12
2024-09-17,North,31,7
2024-09-17,South,19,19
2024-09-17,East,16,5
2024-09-17,West,11,2
2024-09-17,Central,39,13
2024-09-18,North,6,22
2024-09-18,South,19,21
2024-09-18,East,21,10
2024-09-18,West,18,20
2024-09-18,Central,43,15
2024-09-19,North,25,2
2024-09-19,South,28,23
2024-09-19,East,36,2
2024-09-19,West,19,18
2024-09-19,Central,34,4
2024-09-20,North,27,0
2024-09-20,South,21,2
2024-09-20,East,26,1
2024-09-20,West,16,1
2024-09-20,Central,28,13
2024-09-21,North,37,5
2024-09-21,South,10,10
2024-09-21,East,18,12
2024-09-21,West,15,12
2024-09-21,Central,29,1
2024-09-22,North,32,9
2024-09-22,South,18,1
2024-09-22,East,12,1
2024-09-22,West,25,1
2024-09-22,Central,44,6
2024-09-23,North,17,23
2024-09-23,South,13,22
2024-09-23,East,22,20
2024-09-23,West,23,6
2024-09-23,Central,40,20
2024-09-24,North,20,12
2024-09-24,South,6,21
2024-09-24,East,34,16
2024-09-24,West,23,9
2024-09-24,Central,38,9
2024-09-25,North,31,19
2024-09-25,South,30,17
2024-09-25,East,31,19
2024-09-25,West,10,20
2024-09-25,Central,36,3
2024-09-26,North,40,12
2024-09-26,South,21,11
2024-09-26,East,28,22
2024-09-26,West,22,8
2024-09-26,Central,41,11
2024-09-27,North,23,16
2024-09-27,South,18,17
2024-09-27,East,32,22
2024-09-27,West,9,23
2024-09-27,Central,41,10
2024-09-28,North,23,0
2024-09-28,South,21,1
2024-09-28,East,16,11
2024-09-28,West,24,18
2024-09-28,Central,36,12
2024-09-29,North,14,23
2024-09-29,South,10,11
2024-09-29,East,19,22
2024-09-29,West,20,0
2024-09-29,Central,28,20
2024-09-30,North,33,20
2024-09-30,South,18,23
2024-09-30,East,26,11
2024-09-30,West,21,8
2024-09-30,Central,28,20
2024-10-01,North,47,4
2024-10-01,South,16,9
2024-10-01,East,24,6
2024-10-01,West,10,8
2024-10-01,Central,27,13
2024-10-02,North,29,2
2024-10-02,South,15,8
2024-10-02,East,23,12
2024-10-02,West,27,1
2024-10-02,Central,32,15
2024-10-03,North,37,21
2024-10-03,South,17,23
2024-10-03,East,34,22
2024-10-03,West,22,12
2024-10-03,Central,34,7
2024-10-04,North,26,6
2024-10-04,South,22,5
2024-10-04,East,20,11
2024-10-04,West,19,21
2024-10-04,Central,32,21
2024-10-05,North,23,10
2024-10-05,South,21,2
2024-10-05,East,33,21
2024-10-05,West,22,9
2024-10-05,Central,27,9
2024-10-06,North,30,13
2024-10-06,South,22,1
2024-10-06,East,23,21
2024-10-06,West,19,2
2024-10-06,Central,35,2
2024-10-07,North,36,21
2024-10-07,South,0,19
2024-10-07,East,24,3
2024-10-07,West,15,5
2024-10-07,Central,32,15
2024-10-08,North,42,14
2024-10-08,South,16,11
2024-10-08,East,22,21
2024-10-08,West,16,5
2024-10-08,Central,36,6
2024-10-09,North,30,19
2024-10-09,South,32,11
2024-10-09,East,26,14
2024-10-09,West,18,18
2024-10-09,Central,40,7
2024-10-10,North,35,12
2024-10-10,South,7,2
2024-10-10,East,18,8
2024-10-10,West,19,12
2024-10-10,Central,40,14
2024-10-11,North,31,3
2024-10-11,South,16,7
2024-10-11,East,25,14
2024-10-11,West,19,21
2024-10-11,Central,24,11
2024-10-12,North,25,6
2024-10-12,South,22,9
2024-10-12,East,17,12
2024-10-12,West,25,10
2024-10-12,Central,35,10
2024-10-13,North,39,14
2024-10-13,South,12,8
2024-10-13,East,33,17
2024-10-13,West,26,4
2024-10-13,Central,22,23
2024-10-14,North,29,21
2024-10-14,South,6,1
2024-10-14,East,19,14
2024-10-14,West,21,13
2024-10-14,Central,33,4
2024-10-15,North,35,17
2024-10-15,South,21,13
2024-10-15,East,7,2
2024-10-15,West,30,5
2024-10-15,Central,23,10
2024-10-16,North,27,11
2024-10-16,South,23,11
2024-10-16,East,27,5
2024-10-16,West,20,15
2024-10-16,Central,28,23
2024-10-17,North,17,17
2024-10-17,South,23,18
2024-10-17,East,20,17
2024-10-17,West,13,5
2024-10-17,Central,39,1
2024-10-18,North,25,16
2024-10-18,South,20,1
2024-10-18,East,29,1
2024-10-18,West,12,7
2024-10-18,Central,38,3
2024-10-19,North,35,6
2024-10-19,South,9,16
2024-10-19,East,26,21
2024-10-19,West,8,21
2024-10-19,Central,44,3
2024-10-20,North,32,4
2024-10-20,South,27,10
2024-10-20,East,8,20
2024-10-20,West,12,1
2024-10-20,Central,26,22
2024-10-21,North,26,4
2024-10-21,South,22,2
2024-10-21,East,52,6
2024-10-21,West,6,16
2024-10-21,Central,29,2
2024-10-22,North,31,2
2024-10-22,South,20,13
2024-10-22,East,29,16
2024-10-22,West,12,19
2024-10-22,Central,41,20
2024-10-23,North,41,17
2024-10-23,South,10,0
2024-10-23,East,25,10
2024-10-23,West,10,8
2024-10-23,Central,36,12
2024-10-24,North,28,8
2024-10-24,South,20,10
2024-10-24,East,29,23
2024-10-24,West,22,18
2024-10-24,Central,56,18
2024-10-25,North,28,22
2024-10-25,South,11,6
2024-10-25,East,22,13
2024-10-25,West,26,3
2024-10-25,Central,23,7
2024-10-26,North,31,8
2024-10-26,South,25,13
2024-10-26,East,11,13
2024-10-26,West,18,2
2024-10-26,Central,40,14
2024-10-27,North,33,3
2024-10-27,South,23,1
2024-10-27,East,19,3
2024-10-27,West,27,2
2024-10-27,Central,11,20
2024-10-28,North,39,23
2024-10-28,South,22,20
2024-10-28,East,23,8
2024-10-28,West,12,9
2024-10-28,Central,35,7
2024-10-29,North,24,19
2024-10-29,South,11,2
2024-10-29,East,20,18
2024-10-29,West,10,3
2024-10-29,Central,40,22
2024-10-30,North,33,17
2024-10-30,South,13,15
2024-10-30,East,17,14
2024-10-30,West,13,20
2024-10-30,Central,46,7
2024-10-31,North,25,9
2024-10-31,South,21,9
2024-10-31,East,11,9
2024-10-31,West,19,21
2024-10-31,Central,40,19
2024-11-01,North,17,14
2024-11-01,South,27,5
2024-11-01,East,31,16
2024-11-01,West,33,3
2024-11-01,Central,59,16
2024-11-02,North,38,5
2024-11-02,South,27,0
2024-11-02,East,21,1
2024-11-02,West,25,8
2024-11-02,Central,30,5
2024-11-03,North,21,19
2024-11-03,South,28,14
2024-11-03,East,32,12
2024-11-03,West,17,2
2024-11-03,Central,40,14
2024-11-04,North,10,3
2024-11-04,South,21,17
2024-11-04,East,27,0
2024-11-04,West,15,13
2024-11-04,Central,35,5
2024-11-05,North,53,0
2024-11-05,South,34,5
2024-11-05,East,25,7
2024-11-05,West,21,2
2024-11-05,Central,30,18
2024-11-06,North,22,9
2024-11-06,South,17,19
2024-11-06,East,33,1
2024-11-06,West,29,23
2024-11-06,Central,35,7
2024-11-07,North,40,6
2024-11-07,South,23,17
2024-11-07,East,23,15
2024-11-07,West,18,19
2024-11-07,Central,35,15
2024-11-08,North,26,11
2024-11-08,South,16,20
2024-11-08,East,16,16
2024-11-08,West,7,5
2024-11-08,Central,44,13
2024-11-09,North,23,4
2024-11-09,South,15,18
2024-11-09,East,11,21
2024-11-09,West,14,14
2024-11-09,Central,33,6
2024-11-10,North,31,21
2024-11-10,South,24,6
2024-11-10,East,15,18
2024-11-10,West,22,21
2024-11-10,Central,38,8
2024-11-11,North,28,7
2024-11-11,South,20,16
2024-11-11,East,18,1
2024-11-11,West,30,19
2024-11-11,Central,30,8
2024-11-12,North,30,6
2024-11-12,South,8,2
2024-11-12,East,24,15
2024-11-12,West,6,1
2024-11-12,Central,42,21
2024-11-13,North,19,10
2024-11-13,South,10,14
2024-11-13,East,27,5
2024-11-13,West,17,19
2024-11-13,Central,29,11
2024-11-14,North,22,1
2024-11-14,South,19,20
2024-11-14,East,31,0
2024-11-14,West,8,15
2024-11-14,Central,41,1
2024-11-15,North,50,3
2024-11-15,South,24,23
2024-11-15,East,27,21
2024-11-15,West,6,12
2024-11-15,Central,46,0
2024-11-16,North,30,16
2024-11-16,South,17,8
2024-11-16,East,29,3
2024-11-16,West,17,8
2024-11-16,Central,31,5
2024-11-17,North,33,15
2024-11-17,South,19,21
2024-11-17,East,41,17
2024-11-17,West,19,14
2024-11-17,Central,32,14
2024-11-18,North,30,18
2024-11-18,South,30,23
2024-11-18,East,27,8
2024-11-18,West,5,9
2024-11-18,Central,27,6
2024-11-19,North,35,16
2024-11-19,South,12,0
2024-11-19,East,9,10
2024-11-19,West,4,22
2024-11-19,Central,45,9
2024-11-20,North,27,3
2024-11-20,South,27,12
2024-11-20,East,21,5
2024-11-20,West,28,0
2024-11-20,Central,42,16
2024-11-21,North,23,8
2024-11-21,South,24,6
2024-11-21,East,20,16
2024-11-21,West,14,10
2024-11-21,Central,45,5
2024-11-22,North,17,10
2024-11-22,South,3,4
2024-11-22,East,21,21
2024-11-22,West,29,10
2024-11-22,Central,24,21
2024-11-23,North,33,6
2024-11-23,South,19,3
2024-11-23,East,19,14
2024-11-23,West,25,5
2024-11-23,Central,26,17
2024-11-24,North,35,20
2024-11-24,South,18,15
2024-11-24,East,36,20
2024-11-24,West,18,17
2024-11-24,Central,36,19
2024-11-25,North,31,18
2024-11-25,South,17,3
2024-11-25,East,20,11
2024-11-25,West,18,22
2024-11-25,Central,21,20
2024-11-26,North,27,23
2024-11-26,South,21,12
2024-11-26,East,29,4
2024-11-26,West,15,3
2024-11-26,Central,23,6
2024-11-27,North,41,15
2024-11-27,South,28,2
2024-11-27,East,7,6
2024-11-27,West,20,9
2024-11-27,Central,32,22
2024-11-28,North,31,2
2024-11-28,South,21,21
2024-11-28,East,22,22
2024-11-28,West,3,12
2024-11-28,Central,28,15
2024-11-29,North,41,22
2024-11-29,South,32,20
2024-11-29,East,21,1
2024-11-29,West,29,21
2024-11-29,Central,36,21
2024-11-30,North,24,18
2024-11-30,South,9,3
2024-11-30,East,22,10
2024-11-30,West,15,13
2024-11-30,Central,30,18
2024-12-01,North,24,21
2024-12-01,South,28,14
2024-12-01,East,41,0
2024-12-01,West,28,9
2024-12-01,Central,16,7
2024-12-02,North,23,17
2024-12-02,South,24,1
2024-12-02,East,33,1
2024-12-02,West,16,15
2024-12-02,Central,36,20
2024-12-03,North,32,6
2024-12-03,South,23,6
2024-12-03,East,18,12
2024-12-03,West,24,6
2024-12-03,Central,33,16
2024-12-04,North,38,2
2024-12-04,South,22,14
2024-12-04,East,22,15
2024-12-04,West,20,21
2024-12-04,Central,37,0
2024-12-05,North,44,21
2024-12-05,South,19,18
2024-12-05,East,34,21
2024-12-05,West,16,18
2024-12-05,Central,46,18
2024-12-06,North,23,7
2024-12-06,South,19,17
2024-12-06,East,24,7
2024-12-06,West,18,21
2024-12-06,Central,24,7
2024-12-07,North,29,3
2024-12-07,South,21,16
2024-12-07,East,34,12
2024-12-07,West,24,21
2024-12-07,Central,11,14
2024-12-08,North,29,2
2024-12-08,South,15,21
2024-12-08,East,30,22
2024-12-08,West,29,3
2024-12-08,Central,49,10
2024-12-09,North,27,10
2024-12-09,South,22,8
2024-12-09,East,27,1
2024-12-09,West,20,3
2024-12-09,Central,47,7
2024-12-10,North,41,15
2024-12-10,South,2,12
2024-12-10,East,35,19
2024-12-10,West,8,16
2024-12-10,Central,28,8
2024-12-11,North,42,5
2024-12-11,South,22,22
2024-12-11,East,26,2
2024-12-11,West,29,9
2024-12-11,Central,32,4
2024-12-12,North,42,11
2024-12-12,South,22,9
2024-12-12,East,38,15
2024-12-12,West,12,7
2024-12-12,Central,24,12
2024-12-13,North,32,1
2024-12-13,South,26,11
2024-12-13,East,23,10
2024-12-13,West,10,22
2024-12-13,Central,47,17
2024-12-14,North,29,5
2024-12-14,South,24,14
2024-12-14,East,35,0
2024-12-14,West,23,12
2024-12-14,Central,33,13
2024-12-15,North,40,12
2024-12-15,South,28,9
2024-12-15,East,28,6
2024-12-15,West,22,22
2024-12-15,Central,39,22
2024-12-16,North,22,7
2024-12-16,South,31,0
2024-12-16,East,11,20
2024-12-16,West,15,2
2024-12-16,Central,38,13
2024-12-17,North,38,17
2024-12-17,South,17,13
2024-12-17,East,36,23
2024-12-17,West,23,7
2024-12-17,Central,32,12
2024-12-18,North,32,10
2024-12-18,South,22,0
2024-12-18,East,19,15
2024-12-18,West,19,19
2024-12-18,Central,39,2
2024-12-19,North,38,12
2024-12-19,South,39,15
2024-12-19,East,15,12
2024-12-19,West,27,10
2024-12-19,Central,30,15
2024-12-20,North,21,22
2024-12-20,South,28,14
2024-12-20,East,23,2
2024-12-20,West,18,15
2024-12-20,Central,20,18
2024-12-21,North,17,3
2024-12-21,South,34,10
2024-12-21,East,21,19
2024-12-21,West,26,10
2024-12-21,Central,36,13
2024-12-22,North,41,4
2024-12-22,South,7,18
2024-12-22,East,22,21
2024-12-22,West,0,16
2024-12-22,Central,40,13
2024-12-23,North,29,10
2024-12-23,South,27,23
2024-12-23,East,22,22
2024-12-23,West,19,22
2024-12-23,Central,40,8
2024-12-24,North,31,21
2024-12-24,South,20,9
2024-12-24,East,37,6
2024-12-24,West,20,3
2024-12-24,Central,24,21
2024-12-25,North,26,21
2024-12-25,South,9,13
2024-12-25,East,42,13
2024-12-25,West,19,0
2024-12-25,Central,31,22
2024-12-26,North,28,7
2024-12-26,South,9,21
2024-12-26,East,29,23
2024-12-26,West,20,12
2024-12-26,Central,36,5
2024-12-27,North,20,1
2024-12-27,South,21,7
2024-12-27,East,31,11
2024-12-27,West,14,7
2024-12-27,Central,33,7
2024-12-28,North,31,19
2024-12-28,South,19,19
2024-12-28,East,31,10
2024-12-28,West,9,6
2024-12-28,Central,38,23
2024-12-29,North,30,15
2024-12-29,South,29,8
2024-12-29,East,20,2
2024-12-29,West,13,16
2024-12-29,Central,29,14
2024-12-30,North,43,14
2024-12-30,South,31,20
2024-12-30,East,23,6
2024-12-30,West,14,20
2024-12-30,Central,33,17
2024-12-31,North,24,6
2024-12-31,South,14,19
2024-12-31,East,19,17
2024-12-31,West,14,19
2024-12-31,Central,32,14
