date,temperature,dew_point,vapor_pressure,atmospheric_pressure,sunshine_duration,solar_radiation,precipitation,relative_humidity,wind_speed,wind_direction
2024-01-01,11.595573467839976,4.761680635659925,17.06695939037837,1005.8051657188993,6.0,12.0,0.6337597321774264,49.411609988452284,1.6203622716982407,209.57212901330712
2024-01-02,14.280928901190993,10.935017548069837,17.353414424267118,1002.8993295181903,6.068853424623339,12.137706849246678,1.9509271980472287,49.21243257863371,5.361927155583665,128.43737652573046
2024-01-03,14.18767004771773,10.831195621654356,18.33498236773759,1010.1231628059496,6.137686446490983,12.275372892981967,0.3637040537571317,42.8501193775967,1.7928977157887467,59.1373618041341
2024-01-04,17.723226121210253,10.819394247930832,19.43530009060768,999.2108730934486,6.206478668893015,12.41295733778603,0.21403069541003955,69.38992246858425,7.042959225161112,181.33899645238427
2024-01-05,13.795759509008555,6.2133689879926015,15.376282911871607,1008.9460106495545,6.27520970720928,12.55041941441856,0.1381951044775152,82.0174088794254,5.098371793019311,298.8730383644743
2024-01-06,14.509204815220407,11.937039287582387,19.00134134511855,1004.5921263538861,6.343859194949786,12.687718389899572,0.3536216078176968,40.87491069936943,1.6790291266771569,239.04440210433683
2024-01-07,15.474172090986073,10.77382025442872,17.78886989669199,1005.2731155197332,6.412406789789739,12.824813579579478,1.514346333976052,42.45023224856368,7.717535431109051,121.8124317330777
2024-01-08,15.282209235786683,11.257483562001308,18.217898441807158,1004.1931533810522,6.480832179597411,12.961664359194822,0.6379516038605493,68.6385138343473,4.387740975014905,336.7882881931886
2024-01-09,19.38585486020293,12.161724127458292,18.348882801629617,1009.5832520348449,6.549115088453059,13.098230176906117,0.25809945650484006,80.97478426930262,1.0467383890374125,328.3947256497056
2024-01-10,14.574571101872134,12.073421613792021,17.792612051014135,1007.2191183643084,6.617235282657124,13.234470565314249,0.1817437233035852,56.33694452843168,5.201246783113004,75.36542377827556
2024-01-11,16.29670873220605,13.029953076857826,19.251282098845685,1008.852452082246,6.68517257672591,13.37034515345182,0.4045597328496304,57.48071994038611,2.398991802596077,14.190330643330672
2024-01-12,17.922851016447744,11.408040990928779,20.896745844822277,1009.7324401692089,6.752906839372977,13.505813678745954,2.8121510585578067,69.81732487483879,6.527700889079768,266.8711350062744
2024-01-13,19.223620684507445,16.915857590620153,21.012210137049006,1005.8007681482642,6.820417999474477,13.640835998948955,0.420111919756408,53.71064445620735,6.63366555174643,297.9396940856952
2024-01-14,16.90257504418958,11.947362759903843,19.00551222604083,1002.6520986697585,6.8876860520166625,13.775372104033325,4.433242117742315,41.33041830388421,7.842105168909964,348.4312437424879
2024-01-15,14.027873991063817,9.375231782985498,15.46955964218352,1006.7269221532272,6.954691064023801,13.909382128047602,0.6640359653935747,76.7614259050798,4.264021482683778,320.34110187179186
2024-01-16,17.764031098223235,13.757624024290743,19.01428833960904,1003.6676435200121,7.021413180464748,14.042826360929496,0.19743184633364994,71.28249564707265,3.9121765979580285,216.19251655430935
2024-01-17,20.967554842770696,16.600120950857153,19.89126785617242,1003.1024655772297,7.087832630136422,14.175665260272844,2.2176934692017682,69.03779995278296,6.151067040848605,190.8188421164571
2024-01-18,19.026164009428165,13.846520487846767,19.74805987953033,1005.1056630182809,7.153929731522436,14.307859463044872,0.6168444544634482,77.08420644959116,1.4935299225644492,10.022778454531064
2024-01-19,19.131890420595333,16.163686270265035,18.349619377502567,1004.944776905485,7.2196848986251565,14.439369797250313,1.2367416994390525,73.76154187810187,4.601866353448432,88.79632086412002
2024-01-20,16.729199957154382,11.297224687452825,18.154433070785288,1007.5446475001992,7.285078646769458,14.570157293538916,4.117301050112322,50.294099408916054,4.596857000981382,165.4613106238535
2024-01-21,16.718931614552034,9.886337638752115,17.84228272346995,1007.9843402355206,7.350091598376453,14.700183196752906,0.05147789070858623,57.624052347167556,1.1710484210779042,226.2614040300844
2024-01-22,19.28019676338466,12.719231184643704,19.091932025723082,1004.8854857658467,7.414704488705486,14.829408977410973,0.10169453224685197,46.305507083931246,3.634880641301852,200.61065999462784
2024-01-23,16.58393667012526,13.660537241962619,17.753732149071478,1007.5768320862737,7.478898171562692,14.957796343125384,1.2745982272098728,46.49285067089405,6.899635989254015,267.3489562854086
2024-01-24,21.190685319648306,18.295188501199462,20.45948794343591,1002.8756463073343,7.542653624974428,15.085307249948857,0.33104201163002145,73.80978731782696,6.921152164959952,100.71609511933471
2024-01-25,18.12456337273895,14.515517166269472,19.348476445417496,1009.694514127694,7.605951956823892,15.211903913647784,0.20371035125534398,82.93000534912491,1.2442824868976075,203.38293875489038
2024-01-26,19.95700866988481,15.790560311838588,17.480010747070956,1003.3206626673932,7.668774410449267,15.337548820898535,0.04015750682000012,88.13662919305696,1.1804066206087314,31.73120762068517
2024-01-27,16.42177327309669,11.971039784645795,15.834453780210481,1010.0228501446286,7.731102370201725,15.46220474040345,0.022088885018728622,71.41735587747222,2.4702160775145146,148.9195884899545
2024-01-28,19.591148363997913,13.512965062997841,19.456882842077082,1000.7353393790858,7.7929173669616425,15.585834733923285,1.4893712778192283,49.20506616804785,7.060745469154951,270.05789986365636
2024-01-29,18.190882156573807,15.850799563578795,18.89767203358129,1004.582425365138,7.854201083611404,15.708402167222808,0.14437098920670433,45.28251727244653,1.466769388051242,249.62430723445584
2024-01-30,16.10089324670584,13.892857021349442,18.23955783995686,1005.5667081804769,7.914935360463154,15.829870720926309,0.630586769538705,80.6425485768379,5.899976019705847,356.63138538198444
2024-01-31,22.00899078059236,17.657527402928906,20.276823035439953,1005.0333790720085,7.975102200639909,15.950204401279818,0.9311425135641063,68.93782381799997,1.2587421470982743,100.04080535559216
2024-02-01,24.3863704044084,18.203388251580517,22.20265039622688,1005.830902247893,8.034683775408418,16.069367550816835,0.5592315127740618,70.91425105068599,5.17353390310869,179.3481477026325
2024-02-02,23.539934467074495,20.3793224093356,21.896490438555304,999.8358406039916,8.093662429462201,16.187324858924402,0.027480814660305223,79.07310443773545,3.170504743393586,118.63094895863883
2024-02-03,22.819443438267204,16.970416550729695,20.67516362226813,1000.5482734985644,8.152020686153199,16.304041372306397,1.530171671923533,75.16386138662259,6.416854722244002,158.6171210613029
2024-02-04,20.800981422120344,17.242012594478545,21.413946532801273,1000.4738832280032,8.20974125267048,16.41948250534096,0.01056887890164542,81.72291264280483,2.252678366190227,308.5020467529797
2024-02-05,23.412201532589062,16.095684879707964,21.883087077749593,1007.5956719785596,8.26680702516447,16.53361405032894,1.4350220836242769,42.810695272993925,5.294013720424699,246.3152670678552
2024-02-06,24.417309678593064,17.043170012993365,22.755615934759824,1004.1258909569541,8.323201093815204,16.646402187630407,2.237776237663706,77.37603183732524,2.2676190093191373,317.6788288851294
2024-02-07,22.410363902871744,18.626640677183786,21.274027682719726,1000.7827408134799,8.378906747843054,16.757813495686108,0.567113688923094,82.54263786610477,5.852452123341154,73.26399899947913
2024-02-08,19.93300209675747,16.553039572978026,22.070174151440455,1003.6975145394289,8.433907480460505,16.86781496092101,0.7668851632250164,54.30675212291572,7.052585259205616,314.41000242291767
2024-02-09,21.465792384107665,16.99796855171028,21.329293261171486,1007.9589672333415,8.48818699376347,16.97637398752694,0.6481420613442204,72.02236369966263,1.4510134934507004,21.514418704218393
2024-02-10,26.030580587378,22.58739107629711,22.52729697748177,1001.7534100741151,8.54172920356071,17.08345840712142,0.49299981612267185,55.70810319184861,6.999467664466277,319.89574095737487
2024-02-11,22.634066396119444,16.59976333636922,22.13800008242812,1002.9348090281786,8.594518244139925,17.18903648827985,2.184131485513303,87.8985533241227,4.951814408107235,118.46656060586204
2024-02-12,16.29010397908515,9.333715871795436,16.507447072085903,1004.1400682878968,8.646538472969112,17.293076945938225,2.2436891236837577,41.67117862177519,1.4533286815026798,113.25154802906394
2024-02-13,20.155476498654956,14.116923713187653,20.197338511994584,1001.8628324590818,8.697774475331782,17.395548950663564,0.4091966084663726,68.98964219164776,3.7065639151978402,184.351887611519
2024-02-14,22.39573580039904,15.449633116902945,21.51702819029151,1007.5916771111698,8.748211068894667,17.496422137789335,0.9546931403682533,48.325177352475755,1.7064522011382341,338.64846758036344
2024-02-15,25.465150401454906,21.083197428210063,22.86359596280615,1007.8356446056442,8.797833308206588,17.595666616413176,2.6160303669054814,75.61101025885793,5.752609166499271,17.201291285305935
2024-02-16,22.993634762567474,20.055732938314307,21.16303851044485,1000.846962886611,8.846626489127098,17.693252978254197,3.2717097512450293,48.794514170933105,6.191511008134622,126.80315102546831
2024-02-17,25.79259176949747,19.364886085111916,21.88402252791172,1006.8977902798554,8.89457615318365,17.7891523063673,0.7112277339379046,51.76916309491788,1.2934739020459922,308.36591592600087
2024-02-18,22.77267956847285,18.609832537623525,20.596992772185462,1002.4287599237406,8.941668091855941,17.883336183711883,0.6029862449957474,64.7185405522879,4.296048895209832,142.579611876768
2024-02-19,20.035080007887437,14.007455056512642,20.1196149201911,1006.5869119829517,8.987888350786221,17.975776701572443,0.3266922591881926,85.74174749984391,6.609687920194379,71.69648313494412
2024-02-20,23.116547384546582,19.492683732655987,20.444754459845296,1007.9840224606246,9.033223233914251,18.066446467828502,3.191063040942742,50.58571860739854,7.521222811632474,152.92590527930824
2024-02-21,24.922867925699826,22.43549011685979,24.231601578497187,1002.5956230426092,9.077659307535752,18.155318615071504,0.1541007029611346,47.212001055905176,4.351384000563275,138.79890053700095
2024-02-22,24.887450911531936,16.931960138605355,19.802827776422262,1002.0611938745851,9.121183404283103,18.242366808566207,0.8670948786926993,77.94884159270154,7.627094177085553,329.5498325280132
2024-02-23,21.981132382568056,19.04392333498446,20.667128323739423,1006.6107899383373,9.163782627027109,18.327565254054218,0.3320523930620524,65.03097661669655,4.517667278420223,274.296375267515
2024-02-24,23.91394065448859,15.983414690707704,22.067359966351994,1000.1045652270958,9.205444352698706,18.41088870539741,0.32712764016523216,85.58925561908856,3.45642870949931,181.84160006784228
2024-02-25,30.10781718421648,22.244137588817797,25.561329519941527,1004.3980572598348,9.246156236029444,18.492312472058888,0.5191410805043449,47.330727857992116,6.861523464146716,355.8134040197656
2024-02-26,22.391180987035217,15.628272363586978,20.279665766255178,1004.4719557825136,9.285906213209657,18.571812426419314,6.719564161523771,72.29639465115196,4.197370328435667,167.49991125933238
2024-02-27,26.295494305317195,20.338956532825208,24.28204194654681,1000.7485507534107,9.324682505463231,18.649365010926463,0.056534697986233534,51.64395730759075,4.039268829233922,20.965619095299083
2024-02-28,20.894069470474147,15.427227168967638,19.05320369142415,1002.8298694018628,9.362473622537912,18.724947245075825,0.8640347192819104,47.83802143258197,4.177343670573713,94.41875585339456
2024-02-29,26.925388747469658,19.72877947520265,22.896565785127258,998.079456965527,9.39926836611011,18.79853673222022,0.08618134850617397,74.17147075786352,6.85088751402309,156.98537287895255
2024-03-01,23.52051671893274,19.78387958921581,22.381005914745792,1001.983276812555,9.435055833103211,18.870111666206423,0.16785174724564295,69.68423099543666,6.739561562660391,56.484944692603236
2024-03-02,26.213652773161044,21.40756549825178,24.147014951373276,1001.7224256047524,9.469825418918386,18.939650837836773,0.5790383385345261,77.74137291811655,3.526399943301584,341.1234454766555
2024-03-03,22.92764925819451,17.211309441995496,20.059823332716157,1000.6450597015877,9.503566820576971,19.007133641153942,0.71428937261925,55.47312882230912,2.9997489490289375,276.0656032143983
2024-03-04,26.190515719673773,21.723372864456827,25.740294650252043,1002.3873987837434,9.536270039773454,19.072540079546908,0.29947454226575404,62.39858281910949,4.1894601802934694,96.58339215399816
2024-03-05,23.886475566031702,19.321556841490093,21.045746219848642,1004.8641610271638,9.567925385838194,19.135850771676388,0.38046590477678083,60.273583816520926,4.795793823028317,212.6896320664497
2024-03-06,24.365474069893665,20.383766064881158,20.870554557419048,1002.6133939640442,9.598523478608973,19.197046957217946,0.09098327664737925,89.2044731983257,2.2875290797099774,259.72169655944595
2024-03-07,26.768137766421688,21.38274686631447,23.8867837749841,1004.280922372989,9.628055251210544,19.256110502421087,0.36128524627551956,54.612447836969395,6.454663135366929,338.86041440644726
2024-03-08,25.108764905429975,18.00531773733928,22.20608899913353,1000.5350740888899,9.656511952741335,19.31302390548267,3.397955822612509,54.74086191733834,4.148620742993172,317.3887257031478
2024-03-09,26.81241834903224,23.603248080994362,22.910156861976375,1005.2851809530468,9.683885150866537,19.367770301733074,2.895115863495324,57.727410441430365,3.005341613149697,185.46920140975692
2024-03-10,25.748817565663657,18.14221933314301,23.470052840401546,1003.0659170910592,9.710166734316786,19.420333468633572,0.4077852327224315,68.22970406451607,1.3011574472299297,278.8749431254863
2024-03-11,26.34103410836965,20.206508185880274,21.643221363757018,1007.0993578659164,9.7353489152917,19.4706978305834,0.8459579431278557,52.61613721318726,2.2913387030270522,202.3721113779306
2024-03-12,27.16844563800955,20.228806361929372,21.882088419030072,1009.3752736815125,9.759424231767582,19.518848463535164,2.403460029597596,85.7644970189637,7.619608788169877,198.97340041639444
2024-03-13,25.64711973994343,20.30997558416336,22.22613650482849,1001.3304213271127,9.78238554970857,19.56477109941714,0.006203021661939663,53.284278243313175,2.7882476511464493,41.30710500174908
2024-03-14,24.420578623538297,17.743478414993916,23.288191051222473,1001.9445769198803,9.804226065180615,19.60845213036123,1.6643354328668571,84.79078657800974,1.7664446702527647,45.409556885814744
2024-03-15,25.41019338724329,23.312991003206484,22.15104140020886,1002.0971962792565,9.824939306367623,19.649878612735247,2.9636437182826345,45.173753182329236,3.955045937412449,190.63210140808468
2024-03-16,28.92383576613448,22.01355321745727,26.061074567595856,1003.2175724440727,9.844519135489204,19.689038270978408,0.09576859262634184,72.82813511998262,2.803158075201865,96.79015619244238
2024-03-17,26.82122542001136,24.58039226549916,24.61162747117757,1006.2494197434207,9.86295975061942,19.72591950123884,0.17607830972219596,85.34927592191218,0.7636943770339562,7.573284885768707
2024-03-18,24.95097015539714,17.611489897219965,22.758431262206056,1001.0611864853316,9.880255687406029,19.760511374812058,3.2377096422818274,48.437471919911474,2.9235891295956296,260.2221134040764
2024-03-19,27.492326678844485,19.540550195412624,24.085887198797,1003.1468021278964,9.896401820689682,19.792803641379365,0.7711955228569481,88.41634800496274,4.580814679546014,11.695174808459385
2024-03-20,27.67081126794616,23.906406494885495,24.117408258989936,1001.5238936232543,9.911393366022628,19.822786732045255,0.014298370709509135,62.64416802077558,4.637842790149752,214.29966279745963
2024-03-21,27.815675794854936,24.553764457140176,24.06755562610957,1003.7280569896799,9.925225881086437,19.850451762172874,0.29791020022182574,87.28575542205122,3.174191908826665,194.10976588583318
2024-03-22,24.85801140028254,18.265831217134295,22.062764002663087,1007.5851685201101,9.937895267008368,19.875790534016737,0.5977345955789543,73.84100218150235,3.8547706718945047,348.7732886080096
2024-03-23,25.483411320156048,21.965253274634527,22.49151782687086,1002.0856507596386,9.949397769575945,19.89879553915189,1.1806108686439714,55.07934349367758,7.741384386760748,174.316730165151
2024-03-24,25.525531508274216,18.332157209240997,21.692805597544524,997.780184396669,9.959729980349412,19.919459960698823,1.3211074682337152,49.41512624585532,3.330113579227337,22.89651709600705
2024-03-25,26.185370688882802,23.568315135937944,20.882642555151218,1004.7575567550878,9.968888837671729,19.937777675343458,5.38638666849705,55.18675231125497,2.4367010994498726,198.6076684103262
2024-03-26,28.00845325301489,25.252722074738738,25.108297235789497,999.2985030429777,9.976871627575807,19.953743255151615,0.3389910853962133,44.65087046313375,2.326002830500701,302.79462142179653
2024-03-27,27.543397563228176,19.668488232624483,23.928957218399386,1001.5532937638174,9.983675984588716,19.967351969177432,0.7726669123908865,47.19339831716649,3.9332345952810064,358.86574234131837
2024-03-28,27.71833359161219,21.67530020199216,23.865378151427883,1004.27375907397,9.989299892432623,19.978599784865246,0.7621190833944655,45.23302201732406,6.19640111537708,154.9235425280661
2024-03-29,29.68926333860982,22.6079399920361,25.24308079216279,1002.0164792251494,9.993741684622258,19.987483369244515,0.520278931558436,61.14717718707789,2.044911381413549,115.3075472988273
2024-03-30,28.36878199985946,24.42280573575035,23.355993545136084,1001.347327123397,9.997000044958735,19.99400008991747,0.18532032120778896,79.77891881287931,5.819720953555761,326.3951869027196
2024-03-31,26.713618773766516,20.65471627664289,22.355747173498823,1000.5869073531185,9.999074007919564,19.998148015839128,3.7923113056780693,47.06917771081701,0.6586236751206221,68.8471664674037
2024-04-01,24.632118524729286,19.066667560877704,22.03237456868649,994.4474712492832,9.99996295894476,19.99992591788952,1.9194827558878589,46.51602165861679,3.641997334879595,221.55440941185358
2024-04-02,25.569905886915116,19.951005166177435,24.15305142522137,1004.8670000925025,9.999666634618952,19.999333269237905,0.6898187824161011,72.17144747586653,6.3189879890209015,146.05719270514118
2024-04-03,26.47114523289184,20.375950475665512,22.066831587952795,1001.652686809166,9.99818512274943,19.99637024549886,0.9244373826138893,49.859149098403314,3.0404971683082356,14.789651383999903
2024-04-04,28.644816241692634,23.192661202918043,21.695342764038152,1006.0820823383901,9.995518862340134,19.991037724680268,0.2578140022581277,44.88050190544958,4.728028260840496,125.0238507500512
2024-04-05,26.92034206217252,22.345967846356523,22.93876993926751,1003.4259472650166,9.99166864346157,19.98333728692314,0.7847956275601018,48.34242891027888,2.0373442461943307,95.48226810096286
2024-04-06,25.647514911273156,21.991978744989876,23.966457371871762,1001.1176179178863,9.98663560701668,19.97327121403336,1.1873455829771036,86.1865697938388,6.064965433446292,246.99281541965527
2024-04-07,25.475477961753917,18.863989976274706,21.005194956522605,1006.0104190804266,9.98042124440279,19.96084248880558,0.7239508357859228,81.07356263880953,0.8920932745156971,341.5645791690905
2024-04-08,26.779925773366518,23.4222911933474,22.209679282860385,1005.741417908528,9.973027397069657,19.946054794139314,4.634101755230337,57.703228117754705,6.894069836566253,96.4969874563096
2024-04-09,28.67334389235565,22.519218055429164,24.60021868675599,1000.8735670000003,9.964456255973818,19.928912511947637,0.9450546149855406,72.79103836636963,1.986472898162511,292.12773809460543
2024-04-10,30.046169694338317,26.646172758442358,27.592991882644494,1004.5624667189843,9.954710360929361,19.909420721858723,0.4635822307736845,66.8637836834019,7.05798523781248,19.92953409782743
2024-04-11,26.41984060350663,20.667859583779904,21.85170863322712,1000.7661395924392,9.943792599855321,19.887585199710642,1.4790766602183063,73.8562131741282,3.14396930975388,193.72356361433273
2024-04-12,26.70563226223459,20.223162659460417,21.955882039649335,1002.7966904033299,9.931706207919929,19.863412415839857,0.18688697637845186,74.13355762313796,5.920126808558649,25.39802293556205
2024-04-13,24.32748088743112,21.015197553991882,22.502438812554747,1004.9832328081839,9.918454766581961,19.836909533163922,0.48534602614303335,71.43670075299966,2.8941897333964137,336.25187680703016
2024-04-14,30.590511745787357,28.23085194061951,26.49993031288738,1003.1181400537276,9.904042202529475,19.80808440505895,0.4261152885537697,53.30506842686543,7.294337534259856,275.88646100066046
2024-04-15,23.86341268323657,21.07757022527153,21.307607629292576,1005.319200472553,9.888472786516246,19.776945573032492,0.5652942966301169,41.950321038140906,1.4497784413878076,236.86196803365326
2024-04-16,28.958578019849874,23.322596216223722,22.85789485380277,1000.4185972503706,9.871751132096257,19.743502264192514,1.5222507530684266,62.778339099505445,1.8388984195444902,296.60269738487915
2024-04-17,25.830974676744848,18.734296239390435,23.349236559258767,1005.9487030513764,9.853882194256595,19.70776438851319,0.6619839033874896,84.54869423453519,4.197725938691017,233.10712640525873
2024-04-18,25.305880816166923,23.035899888754376,23.267781805386434,1002.504365704214,9.834871267949186,19.669742535898372,1.5799492595751157,68.47486292592879,1.1145382927860958,348.8199829827448
2024-04-19,24.224164815793497,17.81925726154362,23.890737534434997,1001.603251986857,9.814723986521784,19.62944797304357,0.859175562493918,81.61955208509539,1.9698513852632145,257.02486123131774
2024-04-20,31.200436258960327,27.152524383260015,26.25716524180444,998.8568115944759,9.793446320048687,19.586892640097375,0.4186558770205241,89.5812171480614,7.578247866590107,332.87709944960886
2024-04-21,26.75611696724184,21.884946747724705,24.2061245599933,1008.1175183875323,9.771044573561683,19.542089147123367,1.660619337729086,48.18081020691381,7.8236724586091535,186.1674811238297
2024-04-22,26.285137029753308,18.711979730679914,22.88042337100875,1000.2599949038228,9.747525385181726,19.495050770363452,0.272188940651747,74.58888195709912,3.3219449699781647,42.143188673470554
2024-04-23,27.94215189156484,23.95032286314977,26.41258028795189,1005.6980449236554,9.722895724151918,19.445791448303837,0.2540964112951039,73.71467868500123,7.424645157604517,190.14397971228615
2024-04-24,24.789823215057194,19.99780161142028,21.99676959694013,999.6776706265466,9.697162888772374,19.394325777544747,0.702193826450164,88.99777236791392,4.586185067550738,45.67421810271359
2024-04-25,26.014695423174736,23.932600934610647,22.3954255901756,1004.0578381659527,9.670334504237575,19.34066900847515,0.30225338149362374,89.28003669764001,2.523068494053253,213.29765250350582
2024-04-26,26.039928134754835,23.550335814725806,24.82947898589602,1003.4752791005706,9.642418520376864,19.28483704075373,0.009128573888656557,74.33393058620646,5.76799040810449,173.69750178995866
2024-04-27,24.815978163199947,21.264428616391243,20.933751802704563,1007.9372893738987,9.613423209298738,19.226846418597475,1.044969708815518,52.180739599109714,5.441763549311429,224.1271432198014
2024-04-28,28.149347647190737,25.98223420226429,22.227265439067452,999.7770552556182,9.583357162939635,19.16671432587927,0.7155846718672418,79.92779190652996,7.9184398933155,3.616913179739374
2024-04-29,25.21937904856211,19.431127092272604,22.72924644887954,1000.120255726694,9.552229290517973,19.104458581035946,0.5897205998370383,45.35145671055191,2.487854655569625,70.14257699593108
2024-04-30,22.45388234094477,17.895492200135035,21.22520464719669,1003.6689159285812,9.520048815894143,19.040097631788285,3.410294069906828,79.03496520858144,5.540446269963016,176.87895548836713
2024-05-01,24.857481097470114,19.56860988110198,22.200852567184395,1008.0514130487333,9.486825274837287,18.973650549674574,0.8467627661557925,85.50980620723482,0.8901781627208517,342.1812821720886
2024-05-02,25.85606288002673,22.808179764648752,23.921961197135015,1000.005099408158,9.452568512199646,18.90513702439929,1.9909295283305288,59.14166973842176,1.3523452902253956,138.09925452785703
2024-05-03,23.464879569222706,19.68928739260301,20.82423360232278,995.8487982756984,9.41728867899931,18.83457735799862,0.1501838337478074,71.53176474915402,0.5293878121331994,152.77392937930847
2024-05-04,23.51379910189588,17.530852252779532,21.821066676572617,1003.7737838713615,9.380996229412254,18.76199245882451,0.8421263364341425,61.507136604841314,7.995955107947548,257.290592042384
2024-05-05,23.938587676771565,16.146771334989168,21.609187885747595,1006.2731336831744,9.343701917674549,18.687403835349098,2.024799025357708,61.88825274940642,6.5170527286060835,217.3653926230025
2024-05-06,27.358721704820837,25.05622106320758,22.78814235230367,999.015093520152,9.305416794895638,18.610833589791277,0.8749227039290429,55.518544455406,6.400422610501556,107.61341403539997
2024-05-07,23.82414057205958,16.481834646927982,21.850230202069106,1006.014140291236,9.266152205783666,18.53230441156733,1.2658984863540612,78.10648102251622,4.322945564661348,147.893902404274
2024-05-08,27.5359933929534,22.07470618508615,24.620592499771803,998.8778696877813,9.225919785283779,18.451839570567557,0.465284490417675,86.80882820832525,2.7505031217907994,78.37192758860368
2024-05-09,23.324293489094718,17.940776088560973,23.78271486497786,1003.230606997287,9.184731455130464,18.36946291026093,0.09700608578105192,87.03754296172306,1.6344821334700694,347.7677252868751
2024-05-10,25.07782653345766,20.0761553222111,23.118332249627798,1005.2269163324751,9.142599420314859,18.285198840629718,0.6123053371304392,48.73906424374669,2.6350605413484773,47.02837736064951
2024-05-11,23.406123147964987,20.989758632539885,19.192226572581042,1000.0751545355987,9.099536165468162,18.199072330936325,0.5016666799684821,83.7371824828283,3.3197841644685435,133.861242443911
2024-05-12,25.67482969406746,23.135568583650496,22.799274761592077,1003.2746081168957,9.055554451162172,18.111108902324343,2.0178587522588205,76.8715720713561,6.172325727352206,9.302029999204029
2024-05-13,21.795453621253543,16.189981587299027,20.947529601529602,1007.9267390853753,9.010667310128035,18.02133462025607,0.2797076890024286,52.64187003451446,4.547463416773643,79.8406170960767
2024-05-14,25.380383089337617,21.334631660724266,23.626400554248757,1004.269649061899,8.964888043394385,17.92977608678877,3.403226264506965,43.364230646075725,1.0811271991661202,280.9696098168558
2024-05-15,23.982429449657218,16.478821050191133,22.17602502731835,1001.2451500473649,8.91823021634595,17.8364604326919,3.1733796466924384,53.3998633442189,0.6352175671918419,72.4230836239966
2024-05-16,22.332139330556643,17.892596106399807,22.419158582580398,1008.6232993259277,8.870707654703848,17.741415309407696,0.2845292386217832,85.61041183907628,1.2674913465054736,28.822824910427617
2024-05-17,23.134560351865833,20.274871599649988,21.958950791548187,1005.7213533950211,8.822334440428712,17.644668880857424,0.42779040654551587,71.65893374478861,3.578740352730345,170.80314474402837
2024-05-18,26.387084604708082,20.098771603695866,24.75234037185193,996.8638221583439,8.77312490754791,17.54624981509582,2.259101755380312,76.05273304489359,7.498946877867637,3.5889245044266582
2024-05-19,23.44496992348576,19.684849394839702,21.283739041694584,1006.2147428748084,8.723093637908065,17.44618727581613,3.3998648966979097,52.857617555454794,5.280518609069162,30.515815593479942
2024-05-20,21.611310338737123,16.458488494601763,20.949998636665256,1002.6413531072533,8.672255456854135,17.34451091370827,0.5859786853873907,75.96940777874102,6.513694249066363,290.74531304267106
2024-05-21,20.452489720852796,14.265493007821776,21.052886395816294,1005.4086947545862,8.620625428836341,17.241250857672682,0.3871298003885736,41.40607531389619,3.997809458784114,277.7304041494583
2024-05-22,23.71546510570076,16.313880438488336,21.285538482556937,1006.5378259705994,8.568218852946256,17.13643770589251,0.7467463171522045,58.76606728865069,3.212495623962821,329.4499753457626
2024-05-23,22.936844269171385,16.18369710036133,20.678409332504618,1002.1764485383369,8.515051258383338,17.030102516766675,1.1640126414462555,71.33766742711656,1.3130027953746706,307.6255569278698
2024-05-24,23.773456589736377,17.715290182500034,21.257376195181504,998.55383952198,8.46113839985331,16.92227679970662,0.3194817179565926,47.30482827706601,7.069497666396537,245.9432027663345
2024-05-25,19.295039279319386,13.217240184948524,18.89830402257077,1009.7986198639898,8.40649625289969,16.81299250579938,1.3336001120802154,81.15017872234674,6.373700217709271,18.83982862823862
2024-05-26,19.708902121726677,12.033354257534157,20.377012981738666,1008.6101895649152,8.351141009169893,16.702282018339787,0.05303940438718154,51.751564940595934,1.7608857319829383,281.8255024751967
2024-05-27,24.17902561335569,20.404081028376474,20.25470477704329,1003.0666217151088,8.295089071617298,16.590178143234596,0.050550930812237604,72.61405564092232,4.341954229071954,304.38389190260176
2024-05-28,22.3777544424808,20.371081877303673,19.632907194922492,1006.609162577484,8.238357049640705,16.47671409928141,0.4882290358062499,60.259857128766484,4.155311059409337,287.6695724779036
2024-05-29,22.609686964962936,18.977959608573745,23.16758997483873,1002.8479650178238,8.180961754162603,16.361923508325205,0.43614061536654003,69.80217977388236,5.188186645148964,183.05245271088938
2024-05-30,19.443386513727294,16.13603823596683,18.996596535889466,1005.5135559247916,8.122920192647733,16.245840385295466,0.37926127023876854,45.37252763144541,7.596401704934459,83.8446619138134
2024-05-31,19.230774295532395,13.259766784848406,19.815401998937947,1004.8748264538768,8.064249564063411,16.128499128126823,0.6753460896468937,40.845639996080365,4.848285813218597,304.3187912479416
2024-06-01,22.997419077733483,17.19514947914031,20.009563120967613,1002.8142001128347,8.004967253783104,16.009934507566207,0.3867418606498844,85.47822136901506,4.551629500839639,261.77861150644986
2024-06-02,22.91202779483458,17.351259498606236,21.550138165206565,1004.9130966223235,7.9450908284347594,15.890181656869519,0.21351247744299523,53.48150043835914,0.8774219970099796,353.0740227799866
2024-06-03,18.477275118028256,16.379814458771534,18.519630891332724,1001.984553481852,7.884638030695455,15.76927606139091,0.3702952073058832,80.98385013902296,0.9718060701351795,56.04933519213585
2024-06-04,17.912139330395817,11.539471003691933,17.392980167037493,1005.0804017755449,7.823626774033835,15.64725354806767,3.6850576788188865,89.96751502361002,1.9051009349509167,81.23924989873981
2024-06-05,20.069039470781053,16.127856995868104,21.37144017295524,1005.9158226291378,7.76207513740198,15.52415027480396,0.5295216724374391,50.57156289994556,0.7435307876881121,76.24733395734097
2024-06-06,18.50130717288264,12.510971238842853,20.433219313502192,1011.1137792547319,7.700001359878216,15.400002719756433,0.5882697799283968,53.25853705916778,6.075146716775093,285.31431634368124
2024-06-07,18.271917747695404,12.932447176682484,19.028604083133686,1002.1886302549838,7.637423835262485,15.27484767052497,0.8593080041840838,73.14298938173329,5.924977279954724,67.28662672204254
2024-06-08,17.220326827022816,13.163941274455373,19.609582446189318,1007.6735284423881,7.574361106625867,15.148722213251734,4.0947907666100685,88.27243173003106,1.520421758237322,23.997538736390194
2024-06-09,18.59562788588685,15.788170283262202,21.201106630670584,1007.4521951749289,7.51083186081586,15.02166372163172,0.27654601110677485,85.7907174095372,6.770591755964607,359.4818903708263
2024-06-10,17.03117528349148,14.464661897528593,19.269663574903827,1000.5573736945553,7.446854922919071,14.893709845838142,1.14344892650929,65.14377600327924,1.6608952613458399,8.934196120253691
2024-06-11,16.956545946030328,9.967435947356986,18.957952712525127,1007.4489776648156,7.382449250682934,14.764898501365868,1.2587271462934224,79.75551412633624,2.758816902480191,300.68786165719166
2024-06-12,19.549685479826973,12.039300227337625,19.9737924363968,1007.8209810450205,7.317633928898122,14.635267857796244,0.9347714960388028,46.787292654995056,2.3673267437102377,131.532062958235
2024-06-13,18.646888022655173,12.748159742069376,19.972941376186828,1007.3072028290853,7.252428163743308,14.504856327486616,0.09274963440079735,88.87190921020061,3.2923032392978584,302.9815655128135
2024-06-14,19.530311194346154,16.909706505183255,19.40123620368344,1004.9360937576434,7.186851277093963,14.373702554187926,1.129707603047288,88.21766170179933,2.409978244174714,199.6633768360122
2024-06-15,15.064701231691977,10.652537930362532,17.255714746684543,1007.9738396168905,7.120922700796863,14.241845401593727,0.0662409946287563,48.186447893958544,4.16713194828839,324.5872426150896
2024-06-16,18.18374713239561,11.810111931764666,19.54276494141032,1006.2360352387889,7.054661970912028,14.109323941824057,0.9066935563182682,54.97115624015533,3.5555591101601407,333.4294751092656
2024-06-17,22.115541250102904,15.436615946042496,20.583905754891926,999.0854114850133,6.988088721923742,13.976177443847485,1.345464087165402,45.00774987533835,7.899271180844949,3.2753452610793587
2024-06-18,17.01912307419615,14.309811340449617,18.14376186430457,1006.772311744585,6.921222680922449,13.842445361844899,0.23695079741946246,53.58587994490898,0.9194476259616925,27.148383357403777
2024-06-19,19.21174899842215,17.211564685349856,19.60606116384605,1004.2140891826862,6.8540836617591845,13.708167323518369,1.8427707457617941,80.79778947076034,1.5663603229051373,90.12914264550797
2024-06-20,18.992088375071763,12.719266099788133,20.64665173812895,1003.2886981369772,6.786691559174306,13.573383118348612,0.030824021993599404,58.91578035826298,0.8961942043145186,240.95354989086061
2024-06-21,18.8875962447093,14.748019188792068,18.311134368795003,1012.8998713628762,6.7190663429022495,13.438132685804499,1.8567003987341733,44.41984835733792,5.193808962367818,319.7779907441422
2024-06-22,17.28700752937685,13.76011953966729,19.402682267393686,1009.8430441471079,6.651228051754068,13.302456103508137,0.6167956781969939,57.11127623894522,0.9088195806028969,165.5791024658266
2024-06-23,17.88176232852693,15.804377509789775,19.732677577066937,1002.3967788876461,6.5831967876795,13.166393575359,0.2453737461825311,89.069166712064,6.773298030320925,218.51032185873555
2024-06-24,17.943005369456987,12.70120892888799,19.7573146940253,1006.8627064419146,6.5149927098103255,13.029985419620651,0.14361421961938275,71.48417976296014,4.339539730114458,67.85994700640201
2024-06-25,17.610800142089055,10.503895729533165,17.998653690835038,1010.3297557698573,6.446636028486781,12.893272056973561,3.064164607508018,60.80804732030789,4.452557184361503,289.7880601974067
2024-06-26,13.899604650779597,6.15381477314407,15.25712070987886,1002.9515606774602,6.378146999268797,12.756293998537593,0.07544103152392309,48.3269256748635,4.711958807841457,348.2381200872491
2024-06-27,12.513868785713584,7.119399082033848,16.816634865268213,1008.225401909936,6.309545916933852,12.619091833867705,0.22201096784897428,89.30883986418473,1.7811027972965805,96.69561584925509
2024-06-28,12.615392241559903,7.528624275120538,16.495234905193914,1008.3260612805345,6.240853109463172,12.481706218926345,0.4274382809073824,81.04245046315643,1.9826772733586566,178.1373425761967
2024-06-29,14.97594681128904,12.465608498353593,18.492350040407654,1003.1861426279874,6.172088932018123,12.344177864036245,0.9682022408988973,54.07386512254597,2.891129921547535,31.00179978229457
2024-06-30,16.497674751570887,11.204437942315288,17.548300547775902,1007.5395810132084,6.103273760908532,12.206547521817065,0.7870207803470636,43.50343478605947,4.9512231186638855,201.28919632666862
2024-07-01,12.894461407641096,8.614586933848727,17.20734908007691,1011.1909546084979,6.034427987554754,12.068855975109509,0.1342670830781798,42.831277868877905,2.075883319551609,181.002039064805
2024-07-02,16.74465695450455,11.101845269203087,19.426740589471684,1010.8262799924556,5.965572012445248,11.931144024890497,0.342107260823604,46.01890747527669,1.3724879534994592,51.997134295827934
2024-07-03,13.685628368258639,9.353270280999359,16.74750446307997,1006.7776563478187,5.89672623909147,11.79345247818294,0.272795786510522,69.03842918072108,7.775876648138241,159.14383672250702
2024-07-04,13.498222781557478,10.056428040855277,17.166040894043558,1015.1056459927823,5.827911067981878,11.655822135963756,0.24021704555933254,86.43817106027461,0.6648636110721718,120.27767475116278
2024-07-05,12.605226679851286,10.035435028481027,16.684579797449736,1001.7840090678692,5.759146890536829,11.518293781073657,0.5295741788075499,64.83717140029923,6.520230540020163,187.85911510986816
2024-07-06,10.301789531165895,6.412278863632521,14.329425236553297,1009.947934316977,5.690454083066147,11.380908166132294,1.2175020890595358,82.14727412280986,6.410263621812666,210.83556075436772
2024-07-07,14.324187259062903,11.744318253336388,17.693190231816057,1003.0334421365852,5.621853000731202,11.243706001462405,0.2452012078556946,62.294330992990396,2.72910585383822,3.058408298595423
2024-07-08,17.085427340216803,14.0240456352729,20.165212011009416,1006.436376976404,5.553363971513222,11.106727943026444,0.4567776864231982,75.42917728839126,1.5171996200548505,273.9621538618399
2024-07-09,13.329692823503905,5.405675872026629,16.68705034629459,1006.1024026202833,5.485007290189677,10.970014580379354,0.495801432353727,76.59363686432505,1.5922148502906757,256.68514507022667
2024-07-10,9.549146353571802,4.88452501213209,13.313648238134242,1010.700973827743,5.416803212320502,10.833606424641005,3.7489067553667565,48.69818529516694,5.7307371292789435,131.86309903434798
2024-07-11,14.607001467970694,9.415770868940594,16.616274203071335,1006.7765572705051,5.348771948245934,10.697543896491869,3.0937058483875917,58.06080294879059,5.321049433146302,19.056936804774573
2024-07-12,9.593204991087276,2.351493818663984,13.01717304669201,1006.6847654694855,5.280933657097751,10.561867314195503,1.6101260629157195,71.8651078269012,6.3705925568854,271.7757143226181
2024-07-13,10.221856528498714,2.248443125554587,16.40118939329542,1006.6303845459086,5.213308440825695,10.42661688165139,0.2766220220129904,43.53483040921831,7.531108792993285,343.86305777212766
2024-07-14,11.961072670095307,6.464785974027218,16.744641631375746,1014.0129494243106,5.145916338240816,10.291832676481633,0.07046250167707582,58.07700938814783,5.68945522449944,86.4545745679251
2024-07-15,12.482018834313052,5.607175908048022,15.739640145488707,1009.3377636816621,5.078777319077552,10.157554638155103,0.38112007453192887,66.73997331405963,1.668886524135826,116.46886094533365
2024-07-16,10.01840583189512,6.056759685875068,13.591142993978623,1003.8862515476268,5.0119112780762585,10.023822556152517,0.3103293291023623,89.81122465223194,2.3258196257405803,66.17264021345338
2024-07-17,11.281381974131952,7.446918229448205,14.807396028823486,1010.1398104156975,4.945338029087971,9.890676058175941,0.7050695709406195,63.726678131122036,6.816452981548359,207.6970044041423
2024-07-18,13.067556699130776,8.651334373163415,15.89550138386824,1007.1889473332736,4.879077299203136,9.758154598406271,1.5038530172563103,80.80283785571618,2.0697955687565646,55.74290207308378
2024-07-19,13.143803938334155,7.10876036229226,16.68130956818714,1007.7562816859578,4.813148722906039,9.626297445812078,1.9542050287976431,61.60336425333089,1.0439173771586105,128.2298196460966
2024-07-20,13.745628352398608,7.652478216868015,16.948573519397687,1009.961413120986,4.747571836256693,9.495143672513386,1.863453677968022,79.81953613098545,5.774600405316878,250.92468501633468
2024-07-21,14.865935517892625,10.97449890999592,18.774399734320014,1010.6033073139814,4.682366071101879,9.364732142203758,0.4457802954879003,69.77074008100541,3.5189476661760652,201.64175388336542
2024-07-22,12.472430891273433,9.67317134645366,15.543460587938673,1005.4345894597285,4.617550749317067,9.235101498634133,1.1623010700110075,84.32977207511992,7.400300394094277,139.1265231580567
2024-07-23,10.22596220243431,4.431584663641258,13.604793246863226,1008.8203901565602,4.55314507708093,9.10629015416186,0.37517967311876155,60.547127617505495,5.376913033202461,151.28985665071508
2024-07-24,12.186131999798368,9.416176826665781,14.936087524756893,1006.487214191865,4.489168139184141,8.978336278368282,0.06283921189922631,70.21522099107395,1.1781423334374557,202.35991774436263
2024-07-25,11.210349148132766,5.739394098756785,15.582149719619881,1010.3064468839698,4.425638893374134,8.851277786748268,1.2092040152918222,71.50093403094137,7.608924254402456,2.111302039378069
2024-07-26,11.100462449265056,4.939929680927202,14.821553157686736,1007.8629015390854,4.362576164737515,8.72515232947503,0.009876161699253505,60.86914709002367,2.4391794773018445,28.263552643299548
2024-07-27,10.254433490508724,4.050764512142014,14.835208199741336,1008.9859810429022,4.2999986401217845,8.599997280243569,0.526248255940149,47.21560218437408,3.0290936780471434,317.2529043946842
2024-07-28,7.889666383486245,1.3688337195286637,13.490799611423679,1009.033303163575,4.237924862598019,8.475849725196039,0.399551531771512,44.67797034561678,3.5169531026265655,28.036436072864674
2024-07-29,7.472926862254632,0.2357703328606453,14.726701884832499,1009.6924707083903,4.176373225966164,8.352746451932328,1.1821380553414715,40.83357752998165,0.8841822230323494,254.44929463578185
2024-07-30,9.151849505763348,4.152095553974617,13.988959065789352,1014.4532132154791,4.115361969304544,8.230723938609088,1.4534837431308587,83.67671321226072,4.2238656667295364,331.2137390792589
2024-07-31,9.462547666388462,3.0810525292110347,14.35393175624642,1016.3872794277478,4.05490917156524,8.10981834313048,0.3625415991157512,51.823745611934726,1.4248886830646919,97.4460975486232
2024-08-01,7.626216392787269,1.911179980592248,14.530391777552412,1011.0807897241125,3.995032746216898,7.990065492433796,1.6693313158941352,50.575337464088406,3.507277450162638,133.37691734142513
2024-08-02,9.653935205026919,6.534095566240824,14.261985691481383,1008.8385165785386,3.9357504359365896,7.871500871873179,0.34802214547138766,76.80177002130327,3.1303234099406323,204.81170610409785
2024-08-03,12.792771230135184,10.638633360918735,16.81959798952461,1003.0959812252769,3.877079807352268,7.754159614704536,0.5911798632695978,56.000805654369586,6.296300625698775,317.4152290698905
2024-08-04,4.968453298955677,1.261204984894075,12.815711911499598,1008.7313640809837,3.8190382458373975,7.638076491674795,1.2983513506207152,65.30223462059183,6.523778837245484,339.08601141375124
2024-08-05,9.449417806205407,4.79121556817969,14.866474762063783,1008.8400247701601,3.761642950359295,7.52328590071859,1.1806477254887482,48.12555326487281,1.6505966179181601,266.2427693200565
2024-08-06,7.982783543366488,2.28014787679455,12.856995388976754,1007.6616969207412,3.7049109283827026,7.409821856765405,4.37155939286399,87.98728607309846,3.2491339053441965,31.18311390768985
2024-08-07,8.847888083159631,1.748132100140399,15.653718266101752,1007.6311424781204,3.648858990830107,7.297717981660214,0.2551000443984755,82.57907000086186,3.300148707738738,240.8954959925463
2024-08-08,6.919081840380347,3.7416075401433533,15.680224716773287,1014.9585356860164,3.5935037471003097,7.1870074942006195,1.0856503987174064,83.18948114825017,1.6355783295206379,147.70933987415833
2024-08-09,7.324465030345734,4.571166290954872,13.671060653440263,1010.1565864290772,3.538861600146689,7.077723200293378,0.9407932524898305,60.33868742860026,6.488401287883929,169.45235981678218
2024-08-10,7.713847126866184,-0.06703255797978169,12.810568690062716,1010.2690971234593,3.484948741616662,6.969897483233324,2.4662629819439505,78.11806068535864,5.804212462515674,17.693420524263736
2024-08-11,6.692075674090717,4.043808317832274,13.375140545370382,1008.300598049349,3.431781147053746,6.863562294107492,0.17003195424467848,47.193807769489005,1.9278633972277603,68.78237016468894
2024-08-12,4.097041078751182,-0.7739053418919521,13.038380679961591,1014.8938177428083,3.37937457116366,6.75874914232732,1.3935130073144775,40.430950129589014,3.2504143144534927,284.5848987121132
2024-08-13,6.515403568148694,1.002021195388883,12.642514108358741,1009.7561026887748,3.327744543145867,6.655489086291734,0.8399516810523486,40.998646628901405,1.2935376864238566,163.42517989722953
2024-08-14,3.99785182988342,-1.25039469556121,11.87002673082352,1009.8382682725941,3.276906362091936,6.553812724183872,0.3211228610370189,69.33008687022803,5.2115494781978295,108.5984069872136
2024-08-15,7.9870114985168925,5.470818556319234,14.334159885670587,1005.0629429486648,3.226875092452091,6.453750184904182,0.6432812412387727,62.76974526239704,1.4102894341146475,138.24686662738495
2024-08-16,2.801906476557625,0.45974499253590917,12.604001090484738,1011.6959316681229,3.17766555957129,6.35533111914258,0.4061302248539729,65.90076744542598,7.894506264686884,307.58382479724486
2024-08-17,8.445185794800242,5.812285230034028,14.998016630489495,1007.9657516767477,3.129292345296154,6.258584690592308,0.8658671471970726,40.37315702086097,6.355115560158968,269.6396462657845
2024-08-18,7.104435351369106,1.590909248133431,14.369085645216815,1015.2119650975031,3.081769783654049,6.163539567308098,2.198230580519771,61.13433098287129,3.426789121879963,98.0335429851898
2024-08-19,6.97211310128464,1.7060437754787134,13.059787993965896,1015.7428508354919,3.0351119566056166,6.070223913211233,0.8423550598058522,75.90340806004303,4.839229492095158,42.30066247645439
2024-08-20,1.6393783339202193,-1.7630664183002462,11.221608122134032,1008.638407182133,2.9893326898719663,5.978665379743933,0.9989183271273994,62.13468509837179,7.335063621623066,90.71935979186581
2024-08-21,5.176137770330371,-0.6505070807431785,11.866105558040056,1007.5630851782249,2.944445548837828,5.888891097675656,0.7313639198622728,76.61096031561112,4.655744602968696,331.4723223797041
2024-08-22,8.008518360915232,1.0881133485813361,14.849785280342827,1008.9676337502547,2.900463834531837,5.800927669063674,0.052520896472725405,51.65094821984174,1.8087386479846639,209.37198162591193
2024-08-23,4.5349857809948375,2.2855120219152747,13.418712531283033,1008.7378920014193,2.857400579685142,5.714801159370284,0.2650840837639221,80.65710022408626,3.340275166858695,192.05287514812184
2024-08-24,3.2896813346811844,-1.69909832660707,12.198204236113215,1012.3363771931877,2.8152685448695376,5.630537089739075,0.6772772358033138,69.42156202267262,6.82358648772309,214.70169588928616
2024-08-25,4.048900454137238,-2.0869620184789035,11.657039640273805,1010.4005693510884,2.774080214716221,5.548160429432442,0.37140473047581496,50.53815497149531,5.331597619922134,131.77017566874548
2024-08-26,5.064988137370334,1.5511165749522116,12.32876694064357,1011.8156017667176,2.7338477942163366,5.467695588432673,0.20060398383999162,51.83602379269165,5.380432882503502,290.5585273150246
2024-08-27,3.3810087146874643,-0.4656167170714305,13.497020568005741,1014.6958770790659,2.694583205104362,5.389166410208724,0.7014472145775823,71.40152322847685,7.001161142663669,188.38304974808992
2024-08-28,7.436528711154949,1.7547012932186465,13.367553910953978,1006.8327239845315,2.656298082325454,5.312596164650908,0.3898030905050024,81.49697966062217,7.204797930968785,42.029244996766394
2024-08-29,4.727676251782456,-2.6599355088799657,13.413832293341796,1014.0945631667192,2.6190037705877467,5.238007541175493,0.298551118000952,60.78138910145776,7.398444288345773,46.463444938462665
2024-08-30,3.636995267106221,-3.2225512547111754,12.157389231771633,1009.359244650197,2.5827113210006925,5.165422642001385,0.6235939120134726,52.91502145637961,1.2113689493986708,193.2692927409426
2024-08-31,2.0396074097299044,-3.4591739048675967,10.68566725640511,1018.6296055835543,2.5474314878003543,5.094862975600709,0.1430442199540243,83.35058034553002,4.580945014723257,337.1652785055021
2024-09-01,5.508417386046017,-0.8729129204974777,11.409559665553584,1015.6595609443298,2.5131747251627137,5.026349450325427,2.627563895953608,73.46341458754175,6.05382140913739,111.00676380343155
2024-09-02,5.3631861417403,1.174251320493508,12.893193451458657,1010.5154845356451,2.479951184105858,4.959902368211716,2.022699065275232,62.40427436415382,6.176951338452604,313.0348207893186
2024-09-03,2.758894316076703,-3.0868988525158434,11.470548024644474,1009.0056919399791,2.447770709482029,4.895541418964058,1.2297029562543074,64.39500976396509,5.050371514775029,275.0744111683966
2024-09-04,-0.22272954544719425,-5.019819092212536,11.695169898735736,1009.6244938791551,2.4166428370603654,4.833285674120731,0.11228871316461363,50.21282339681982,1.7509050138775564,89.21247944648647
2024-09-05,4.98125475125556,1.8416379325101944,11.630434680205282,1013.6283836057213,2.386576790701264,4.773153581402528,1.4955614060910039,71.34013150324219,6.480654154562482,13.082669393847283
2024-09-06,3.699137656347404,-2.5112919869161394,14.144337419721486,1011.4291366378695,2.357581479623136,4.715162959246272,1.650037682215909,57.93712552714443,5.9008350013620925,36.66501545125779
2024-09-07,4.661138823138619,-0.6776490009543137,12.709379941065903,1013.9161451280004,2.329665495762427,4.659330991524854,1.4600038428355446,89.78225883371746,1.1460182866177722,262.25781618507847
2024-09-08,7.822860400962158,3.6711309092406097,14.289259421703235,1016.483542747502,2.302837111227627,4.605674222455254,0.12099982699549117,64.00917576309439,3.978573685057822,71.88110569463281
2024-09-09,3.777649140126129,-3.690386000345655,11.295752435630835,1009.1777915278012,2.2771042758480826,4.554208551696165,1.032566033985309,64.29428030948065,1.8048304964135269,133.65753138194177
2024-09-10,2.7297466107692783,0.6041419038088787,11.679579612939108,1008.2176866244181,2.252474614818274,4.504949229636548,1.7977260081696056,68.29258937053359,3.031077842847289,180.61169976231295
2024-09-11,1.3922223440182715,-2.5024165634787043,11.16916210024235,1013.0207917659907,2.2289554264383176,4.457910852876635,0.8612189130065928,85.83780015593734,0.6356081915426408,261.1685406420586
2024-09-12,2.994817456863843,0.6535290701979637,12.434736020252798,1015.2363518516113,2.2065536799513135,4.413107359902627,1.039609805981671,80.04090499298752,3.5024740130806866,40.763240373285136
2024-09-13,3.8769827396659373,-2.722181157663826,10.960169162241026,1008.6278260347763,2.185276013478218,4.370552026956436,0.6131601287606566,62.55650348989207,4.6240769086715785,146.29190589988613
2024-09-14,3.6020010373499627,-2.610643687332793,13.207781374463021,1011.6630738013378,2.165128732050814,4.330257464101628,0.7522759764356404,75.9349632986398,5.1468694462031515,174.62624729137033
2024-09-15,6.885284097364422,2.8971707849465194,13.804057572454191,1014.3560173445671,2.146117805743405,4.29223561148681,0.03498164340451963,69.31177493903809,5.476177588465325,194.6977430297543
2024-09-16,4.382917734643113,-1.6710596785993248,12.799687762628869,1006.3481993906717,2.128248867903743,4.256497735807486,1.0187748936881085,64.61835243506245,6.7721848482684495,294.609830902278
2024-09-17,3.064979897436846,-1.310643459738853,11.311547687213663,1012.4799619253425,2.111527213483755,4.22305442696751,0.08495590498342367,49.61578863921753,2.115971804567975,61.80415021555809
2024-09-18,1.8747522347446344,-4.6627705137899715,10.009233479093266,1010.6297898253058,2.095957797470527,4.191915594941054,0.570955378859975,63.19681317274454,1.4036136682885096,290.81932265758405
2024-09-19,3.777981227820759,-0.9471207485994775,11.961715241313668,1011.8612772817855,2.0815452334180398,4.1630904668360795,0.3462368928147022,52.29092935112873,6.8865287892344424,249.4362339707948
2024-09-20,1.3908650594748941,-3.0828133075150994,10.882728079560666,1014.5730068479611,2.068293792080071,4.136587584160142,0.788398852541655,85.74210749258273,1.6745961116948742,200.11349311162536
2024-09-21,3.528284359509849,-4.080095133419956,10.378713911640435,1012.2511117798604,2.056207400144679,4.112414800289358,0.14319661998462757,56.77034067481735,7.810700610021465,251.83003334492588
2024-09-22,4.110696771021602,0.6054221716774006,12.848633790675926,1008.3250540852558,2.0452896390706385,4.090579278141277,1.176498379924752,87.61320072666862,6.819036720489778,148.3263860225963
2024-09-23,2.6737267865356515,-0.0489572534437408,12.333388027164407,1010.4267708706852,2.035543744026182,4.071087488052364,1.5848015791272336,66.65276450473556,4.256574544171993,49.82313094852485
2024-09-24,1.8203449206607485,-3.6869137588960004,10.180507836509248,1016.5516409727092,2.0269726029303436,4.053945205860687,0.17835477457975987,71.57721893380801,7.860660686915189,239.67548649553223
2024-09-25,-1.3118574278781798,-9.127788301583253,8.321485935788818,1014.5115416529235,2.0195787555972107,4.039157511194421,0.11016435491942528,67.14702222446638,1.2303254683100315,188.88203040682401
2024-09-26,5.327766631790741,1.0607313494276216,12.36092193902107,1013.3898507300382,2.01336439298332,4.02672878596664,0.1572568957098479,46.469030848335045,2.7729932088132623,230.1749281953992
2024-09-27,3.831594850105856,1.4593742683331667,11.939692522039227,1012.2182479905067,2.008331356538431,4.016662713076862,2.0966085503639165,58.79106095039705,5.286683112804586,121.6795611702564
2024-09-28,3.8686779761491605,-0.16715362770824438,11.670167978159247,1013.8798770142661,2.0044811376598655,4.008962275319731,0.7511773521072406,44.957305613881196,3.125051513548841,326.4719678423409
2024-09-29,-0.11726003980289201,-5.152849965720243,9.88045214732777,1011.8584657461092,2.0018148772505695,4.003629754501139,0.629723648305585,71.14770220916908,7.462794139855939,211.4531526872077
2024-09-30,5.760677495623259,2.789139455829977,13.101816445487545,1008.3931940614484,2.000333365381048,4.000666730762096,0.11284603919401594,62.343709760021945,0.9921956613336318,30.744894344714577
2024-10-01,2.0696773899295557,-3.8789359184093968,9.666569756239149,1014.4632221915724,2.000037041055239,4.000074082110478,1.0485543763081409,78.89924857854683,4.620588740457234,161.9294366535943
2024-10-02,2.4251873708423357,-5.561308963218868,9.959298058117904,1015.4120470829997,2.000925992080436,4.001851984160872,2.024950264696681,51.02352404996849,4.931497005463359,272.28817970770837
2024-10-03,0.8704261542861453,-3.8400107016025173,7.712935336219928,1009.9089856058956,2.002999955041265,4.00599991008253,1.7613420220777933,48.22830292146675,5.395460928329181,285.88844222361803
2024-10-04,-0.5551165165464691,-4.683487856927744,10.664986970180237,1011.4942121723475,2.0062583153777425,4.012516630755485,0.9836457729649994,60.31661154818839,2.417496674988608,178.05493899495315
2024-10-05,5.346792946149269,0.9425679451424687,12.688623493692083,1010.3716035368476,2.010700107567378,4.021400215134756,0.07826290217339418,86.32926916091905,3.2342482063989832,322.1091254992684
2024-10-06,5.6221667850291,2.9312897146578933,13.858934523979707,1015.6106071009362,2.016324015411284,4.032648030822568,0.11923073864586062,75.52109075062059,6.827603972487332,96.36063738994712
2024-10-07,2.738328814565925,-4.5613127939914175,10.23142641147157,1013.5940748396783,2.023128372424193,4.046256744848386,0.05056617681195948,60.94618123964594,1.9620707672761988,147.81553100577597
2024-10-08,1.7345643473721124,-2.754389585756,10.89168951321922,1008.3339137714535,2.031111162328271,4.062222324656542,0.29770441744109666,65.86360848771552,6.701508853800215,323.4948878048292
2024-10-09,2.3667217206832465,-1.9569247478658012,11.398187366458224,1011.7743629369583,2.040270019650588,4.080540039301176,0.14579076650342596,44.210650558854915,4.719915671770568,322.6524179297684
2024-10-10,2.452576711201066,-3.5055649263817803,10.664505860770518,1011.2813330482683,2.050602230424055,4.10120446084811,0.3011700141513138,89.22879481880565,6.216406333955616,246.8565967768851
2024-10-11,0.7865947546156944,-3.8656057709710465,8.839869578841055,1009.1655534301419,2.0621047329916307,4.124209465983261,0.4862274151745636,73.32036523474595,5.852055246976037,309.23299696399926
2024-10-12,2.6398119258530053,-3.249588886994071,13.06577729906166,1011.6296994789745,2.0747741189135622,4.1495482378271245,2.8644020229109,54.270203423171125,2.0563362153865925,31.95837610424376
2024-10-13,3.5720238878007677,1.2033461470160427,13.185295285170435,1010.7010781260606,2.0886066339773723,4.177213267954745,0.9425732609026779,69.29041971076222,4.766095523254046,311.39819143479946
2024-10-14,5.347109033228454,-1.53523102910491,12.291622244888863,1009.7762588158572,2.103598179310317,4.207196358620634,1.8016509430520837,45.4741183034497,7.007923646038193,115.42316635808163
2024-10-15,3.387721265809337,-4.255302451467078,12.204088278074275,1010.4227673915309,2.119744312593971,4.239488625187942,1.2390871625761168,88.29183344037918,3.74087177601447,64.19934447415787
2024-10-16,0.2584173303428674,-5.6341749866134485,9.64441798881454,1017.3108137129092,2.1370402493805796,4.274080498761159,0.11935028499273859,48.7392493941683,7.749430776674876,86.17314108313668
2024-10-17,4.173538319929743,-3.5538572532231214,11.091365556940124,1010.2394753237265,2.1554808645107966,4.310961729021593,1.3315047302673324,72.4015159027607,3.8916132507628856,150.46866288499933
2024-10-18,3.0133209575576214,0.10472707133784143,13.333921983735824,1011.9436847858777,2.175060693632376,4.350121387264752,0.3217200217866131,52.272723126946524,1.5708922750091352,90.4291216576082
2024-10-19,6.328141192425887,1.4636440555437655,11.508701714807144,1010.2924493861995,2.195773934819385,4.39154786963877,1.019176110420165,75.87806913242679,3.4207601005825494,115.40433096593965
2024-10-20,6.5117589549623,0.9009185512896165,12.970375780510036,1008.880245866913,2.2176144502914283,4.435228900582857,0.4169740430229774,78.84106836201406,7.637768047929029,48.59225498579115
2024-10-21,6.650635929231857,1.160216044704737,13.409641791858162,1010.5782598254103,2.2405757682324188,4.4811515364648375,6.06285884170148,73.67098644557163,2.897906370048907,106.62363560123947
2024-10-22,2.670777383378338,-1.737993291155921,12.986625270376454,1012.127740834942,2.2646510847082992,4.5293021694165985,0.30591594300613956,70.72497301275962,7.010736199002971,206.02217323512042
2024-10-23,7.849209943724756,3.8207034875271875,14.821193626098395,1010.0995856032077,2.289833265683214,4.579666531366428,0.32729711615012036,84.62345469760058,7.109380112614174,159.06733491278302
2024-10-24,4.650229557191799,1.8892854218892863,10.65286500402858,1008.562208750834,2.316114849133462,4.632229698266924,2.668910100271067,43.931335549487905,3.126398932489708,124.81875404492801
2024-10-25,7.283224953113262,2.932770249739592,13.63886223552245,1009.4683364969968,2.343488047258665,4.68697609451733,0.024953161282464987,56.54573828900976,1.1244324353797408,268.722766388561
2024-10-26,3.1105950187048492,0.13463012807193842,11.576357707716785,1014.0367276185676,2.3719447487894563,4.7438894975789125,1.1929965572421173,52.4143739815423,5.934184318691137,321.66358970159445
2024-10-27,3.6072360889538277,-2.798957969999483,11.57527970917747,1011.0176556702784,2.401476521391027,4.802953042782054,1.2921717616131734,89.40069810327108,2.8363422426048954,272.4441202448629
2024-10-28,4.844278547829587,1.5912929348620475,13.041948381445096,1011.547634318672,2.4320746141618055,4.864149228323611,1.8101999184618192,59.46948898334367,6.371927106931793,119.5202527623645
2024-10-29,4.694945099907516,2.3435532682003126,10.93836562219778,1011.6231329622161,2.4637299602265457,4.927459920453091,3.6666996795108044,76.63063496201994,3.819911361953248,267.9991804215193
2024-10-30,6.998923425207419,1.684726598304013,13.090825800067039,1011.4526160221188,2.496433179423027,4.992866358846054,3.71325080373753,74.23625819405024,4.139500567569662,54.71286569065843
2024-10-31,4.126265106147927,-1.4451132901684831,12.541951301287039,1013.0254467025823,2.530174581081612,5.060349162163224,0.06750479090661371,50.604061873868886,6.334320550614026,46.91447571286473
2024-11-01,7.024062481311077,-0.2074158863719564,14.19160692581618,1009.667923178228,2.564944166896788,5.129888333793576,1.725069454698212,51.94988401057756,3.3677249829622093,124.42573333301722
2024-11-02,6.2666639159349735,0.8047742414288823,13.282751431476683,1007.7593285243497,2.600731633889889,5.201463267779778,1.0393342681449662,54.06422817765171,3.823455089921859,290.77285285586055
2024-11-03,4.485794695171962,0.41290957283128815,11.954505147285682,1007.5495361359066,2.6375263774620867,5.2750527549241735,1.042256911232695,60.55636391296896,3.321428515772166,88.68536900722867
2024-11-04,6.335305718574931,-0.4827655705829921,13.047711585660991,1013.5189369507791,2.675317494536768,5.350634989073536,0.13736722760166387,51.71625328252634,3.2550538645795997,22.771227203524653
2024-11-05,4.195751266704929,-1.0459220924195973,12.8382827557297,1013.6324508372313,2.714093786790342,5.428187573580684,1.0503570288077781,40.98257413734239,4.444599326760946,47.41543267428783
2024-11-06,9.961942891923108,7.486261184135958,15.014872230087015,1010.9633168962433,2.7538437639705555,5.507687527941111,4.044559498914576,83.96965284035977,6.56599583375863,309.14818867064884
2024-11-07,0.05500229975498172,-5.340101062124498,8.985653604436962,1015.411609663686,2.794555647301292,5.589111294602584,2.4283588771318345,88.2804915690442,3.213262339419244,228.16198250902355
2024-11-08,6.8545385279087485,-0.593572744621226,12.19377168000947,1009.7735166379588,2.83621737297289,5.67243474594578,0.5782673075469968,57.07851935157839,4.431910404033025,91.1524188131916
2024-11-09,2.1072579685965924,-2.2706177843927313,9.563991562862187,1010.2824675592647,2.8788165957168954,5.757633191433791,0.04076780149507192,56.92534397127365,5.5304549408195065,199.90649711814527
2024-11-10,5.315708670956605,1.5377538595578044,14.113435153967655,1007.9324943022232,2.922340692464247,5.844681384928494,0.44987711715131956,40.35459063871855,2.520795847277413,189.92866407312613
2024-11-11,5.729114119314756,2.868297377206636,13.672018895269824,1007.4403043625176,2.9667767660857494,5.933553532171499,1.7509456695605756,74.0125344165187,2.581421036767944,235.95695223863805
2024-11-12,9.051602065468707,6.142928933856563,14.419313149553806,1013.0158352394635,3.012111649213779,6.024223298427558,1.2089823359870628,81.27199478743144,7.500598452675911,83.94751959178187
2024-11-13,4.7906913002783895,0.19406239422747618,11.941553164975112,1009.6042889126261,3.0583319081440568,6.1166638162881135,0.6149714248845541,47.33041501800016,5.926509299983165,311.1850753899832
2024-11-14,8.932295371772607,3.3582164268034305,13.892217677918946,1012.5916590589236,3.1054238468163504,6.210847693632701,0.05667780187349985,47.98331746835754,4.828900071674816,111.37268234880463
2024-11-15,4.102487252169105,1.6187948211514946,13.144480733666763,1010.7983476079904,3.1533735108728997,6.3067470217457995,0.556685858065787,79.50416249857189,5.35790040815459,249.88739543144527
2024-11-16,9.299839522889966,1.6624279887389726,16.554353269619725,1007.2513405661167,3.2021666917934115,6.404333383586823,0.6330402262968449,70.81453741770723,0.7197458232756377,5.8048726939973605
2024-11-17,5.806675909509043,-0.7241257951621316,12.297945030826982,1007.394235243546,3.25178893110533,6.50357786221066,2.6388348148913994,42.24302788138585,5.1357722417127265,134.156566761893
2024-11-18,7.05354561248689,1.5338021027849145,14.665188326899154,1008.4141186840419,3.3022255246682173,6.604451049336435,1.0246727621079945,71.12734952311408,4.321316549181514,126.61553446517098
2024-11-19,6.387627254871846,-0.5830047707620993,13.221826542794812,1014.69966544677,3.3534615270308845,6.706923054061769,0.37346208665024316,55.4458861421883,4.593122598345768,195.6543942898852
2024-11-20,9.781172215811427,7.300051674938747,14.678157177995248,1005.8349008743361,3.405481755860073,6.810963511720146,0.7451107299407692,58.436257773542295,3.1956787012311283,26.185054239790738
2024-11-21,9.550292075785366,4.68925880938662,16.279360320722606,1015.5301236341247,3.4582707964392903,6.9165415928785805,0.06833805859031909,78.48657091484401,1.111054232847064,284.447294541399
2024-11-22,8.422442459878635,2.6418836987086545,14.201055509196541,1007.1092007336396,3.5118130062365283,7.0236260124730565,3.5960536541812793,80.54675963363053,1.9500442520903913,78.40108863632467
2024-11-23,5.394540789444935,-1.5773766472648,12.993634833977103,1013.0920335961758,3.566092519539495,7.13218503907899,0.4463807037756296,60.01783134199153,7.630585349095038,243.73361335752367
2024-11-24,6.433236020410348,-0.26758133988525845,13.46489194311662,1009.9909517090709,3.6210932521569443,7.242186504313889,0.6498336140180051,87.35764680031774,3.5652467170320046,289.15636436787355
2024-11-25,5.9732436675421345,2.310828169261737,11.361022467111615,1009.6490237854047,3.676798906184795,7.35359781236959,0.43894532926848046,60.323135897603606,4.000123668731481,202.2757042469447
2024-11-26,3.703293150922252,-3.9419878664329735,12.140057724177188,1007.7044204082557,3.7331929748355264,7.466385949671053,1.1473144065797576,78.5918017615055,0.8953234239007924,266.7179544199148
2024-11-27,10.89341244568865,8.147337397103428,14.884014198404092,1008.3474560734709,3.7902587473295193,7.580517494659039,1.085396478458099,64.19386322821296,0.7817467215798544,238.26971239740197
2024-11-28,7.888290888855018,0.6374891771281046,12.522992304281887,1006.3698256553599,3.8479793138468037,7.695958627693607,1.2563976528167407,84.8766163261042,5.878860852850683,127.99072697472273
2024-11-29,8.042024783028804,0.21638328540109253,13.50387531106564,1004.7384587874863,3.9063375705377994,7.812675141075599,0.3121704530352204,85.38806218250893,4.535709980908335,291.1890740520835
2024-11-30,11.888153140625871,8.825232001290118,15.41868770067599,1008.6035347784019,3.9653162245915836,7.930632449183167,0.3793128021166588,44.37084039355419,4.315294881622,106.09249315879008
2024-12-01,8.122716193307538,1.790319808084826,15.0912406357841,1007.8446442021698,4.02489779936009,8.04979559872018,0.13381855510453028,86.82466656551128,2.323433978170015,205.63665039054618
2024-12-02,7.574252047238679,5.332538934570689,12.723336407517309,1015.0233447294795,4.0850646395368475,8.170129279073695,1.0656901347996492,81.27674207602078,6.0856304872244165,268.34318609095425
2024-12-03,8.987905508135816,4.555368557300886,13.704105315018655,1012.4049029420241,4.145798916388595,8.29159783277719,0.040610691154355255,79.56553571563335,1.761774343313689,136.42412753250272
2024-12-04,7.3559097953612795,2.258210000175236,13.91334315822865,1015.1499326258657,4.2070826330383575,8.414165266076715,0.91051329227412,50.04556698427612,1.9245105774576503,108.99633874227302
2024-12-05,10.495404427970733,5.011533072512929,13.92190844263112,1006.759189515288,4.268897629798273,8.537795259596546,2.037884213244392,80.25596043773325,3.955341285112066,165.36456366221617
2024-12-06,9.246352612123856,1.6307291226324985,13.964169547829595,1009.7098721755443,4.331225589550732,8.662451179101463,2.2148686572717233,82.50663673425184,2.6470989658395565,294.4668579656953
2024-12-07,9.16760130834069,3.1340971845755217,12.919323918837122,1001.4709465976206,4.394048043176105,8.78809608635221,0.5960890027945429,54.457516722707545,2.3559723592485975,334.77183473243934
2024-12-08,9.184232781036107,4.296565073720685,15.51212785052345,1008.4808997455254,4.45734637502557,8.91469275005114,0.61489750379938,87.61300391811619,5.3392823341499875,196.23002862956045
2024-12-09,10.3508624976279,3.492812280032563,14.874068128373764,1009.1551500450229,4.521101828437307,9.042203656874614,0.08009265717967771,42.49300731995821,5.382288089139084,238.12783391651467
2024-12-10,10.922848784923238,3.2196518591967838,15.445506547459377,1009.0930047191359,4.585295511294511,9.170591022589022,1.1109835747623669,47.495462662356985,6.683878023499469,325.1785040060091
2024-12-11,9.909775028055595,7.77737813596185,15.870897833818887,1008.9089847571528,4.649908401623546,9.299816803247092,1.7218198001833351,66.87905690257571,3.632814252297319,35.47686650865926
2024-12-12,10.427232187501323,2.532104553965091,14.491347210096775,1009.0288848402545,4.714921353230539,9.429842706461079,0.280580752753342,68.78962355611549,1.048138182696127,83.54828803181941
2024-12-13,11.17789965048583,8.661106816103748,15.276962816594912,1000.3891122373154,4.780315101374843,9.560630202749685,0.5469725938757088,72.25750416504516,2.5524978869109325,255.2040022505697
2024-12-14,11.173374534353604,4.287053858741036,14.530359267871061,1009.2993156945045,4.84607026847756,9.69214053695512,1.8253535032869073,40.848456465773324,7.850040973976127,296.54800628842787
2024-12-15,11.798654043340767,8.116645528032292,14.840823300674572,1009.7308580584538,4.912167369863579,9.824334739727158,2.09655081543546,88.01833873110651,4.971939314245265,308.53045019900804
2024-12-16,10.582418852109715,7.789340905586484,14.370626532048979,1012.7811086670426,4.978586819535248,9.957173639070495,0.2786298084551103,42.2294046367072,5.823028136007652,149.43858366777573
2024-12-17,14.14511262618158,9.50597878789857,16.580065922257123,1008.4481691273581,5.0453089359762,10.0906178719524,0.7997765776660357,47.153097636170116,0.5551837221906091,32.16236482507206
2024-12-18,12.530598198769033,6.666858722083352,15.880503565211452,1007.5955495203526,5.112313947983333,10.224627895966666,0.2138037417365647,40.70072587630285,4.3865429913689065,157.60133182786316
2024-12-19,11.531052495926815,7.2453414257859645,16.054158398861787,1011.7024047683223,5.179582000525523,10.359164001051045,0.10745021326639204,68.34292166470473,0.7814649314885234,83.06445247453937
2024-12-20,13.430047916638141,11.102655466941947,15.823807010277173,1000.5559781595463,5.247093160627024,10.494186321254048,2.420473774890319,86.61334419604862,4.76922659068586,104.8307237987847
2024-12-21,12.795745072184838,7.198978234232538,16.717505212009893,1006.3368563792446,5.314827423274089,10.629654846548178,1.7176218782347263,73.29735830402322,7.405781372270566,278.0163204615021
2024-12-22,9.680641443061292,2.266221786397244,15.325322013053873,1006.8303134825993,5.382764717342876,10.765529434685751,1.4272617903951583,81.13287342402137,7.763143478753059,27.189750969319274
2024-12-23,14.034560115084071,9.735267919400561,16.54945787470977,1007.2826105544724,5.4508849115469395,10.901769823093879,0.04999552507890129,40.664060172929005,4.5541450654169315,297.9292382930528
2024-12-24,11.518491056439393,8.22049439065443,14.954520955801316,1001.7965251407367,5.519167820402589,11.038335640805178,1.856162272921303,67.1007649239863,3.9365360393916196,153.96087089670087
2024-12-25,15.63163519709339,10.976171121496497,17.900896630526685,1010.7062529078937,5.587593210210258,11.175186420420516,0.5763318590419014,62.97814887527609,7.587628206863705,214.58301519621423
2024-12-26,13.484923137363745,11.194746871071061,16.53954410567143,1006.8566010460017,5.656140805050213,11.312281610100426,0.41915101935504245,64.94839721103965,5.552073739975214,32.27480324484444
2024-12-27,15.73451147315428,8.81158596627263,18.087607565850686,1007.662585484215,5.7247902927907175,11.449580585581435,0.7907078851523114,43.6106592667594,0.986744596538071,121.44926820862067
2024-12-28,13.120126886925735,6.162082021224615,18.129929879722834,1008.4212229204095,5.793521331106983,11.587042662213966,0.09579886618797855,74.22176805346538,3.9929418325062316,32.29233084534448
2024-12-29,14.72679919480833,9.198796414230559,17.43203664583188,1010.8967500067075,5.862313553509017,11.724627107018033,1.4132403630308565,65.16102074293173,2.3018376384822794,346.15574023719944
2024-12-30,17.21392672714373,13.095309393513393,17.96773280229173,1000.5285789045203,5.931146575376659,11.862293150753318,0.8733152423216204,78.2574424930632,4.023532410865112,290.61419375745015
2024-12-31,14.461966907170362,7.663266720495662,16.340093841643125,1007.5521767335413,6.000000000000003,12.000000000000005,0.20652011060546263,64.26453170308577,3.915991790047713,165.46779156832568
